{
  "type": "FeatureCollection",
  "features": [
    {
      "type": "Feature",
      "geometry": {
        "type": "Point",
        "coordinates": [
          -76.970301,
          -10.23965
        ]
      },
      "properties": {
        "_umap_options": {
          "iconUrl": "/uploads/pictogram/photo.svg"
        }
      }
    },
    {
      "type": "Feature",
      "geometry": {
        "type": "Point",
        "coordinates": [
          -76.896443,
          -10.194248
        ]
      },
      "properties": {
        "_umap_options": {
          "iconUrl": "/uploads/pictogram/photo.svg"
        }
      }
    },
    {
      "type": "Feature",
      "geometry": {
        "type": "Point",
        "coordinates": [
          -76.864665,
          -10.285046
        ]
      },
      "properties": {
        "_umap_options": {
          "iconUrl": "/uploads/pictogram/photo.svg"
        },
        "name": "3 Lakes viewpoint"
      }
    },
    {
      "type": "Feature",
      "geometry": {
        "type": "LineString",
        "coordinates": [
          [
            -76.901471,
            -10.343622
          ],
          [
            -76.901562,
            -10.343659
          ],
          [
            -76.90173,
            -10.343346
          ],
          [
            -76.901675,
            -10.343294
          ],
          [
            -76.901627,
            -10.343187
          ],
          [
            -76.901767,
            -10.342979
          ],
          [
            -76.901725,
            -10.342869
          ],
          [
            -76.901816,
            -10.342744
          ],
          [
            -76.901758,
            -10.342607
          ],
          [
            -76.901822,
            -10.342394
          ],
          [
            -76.901764,
            -10.341999
          ],
          [
            -76.90194,
            -10.341812
          ],
          [
            -76.90203,
            -10.341429
          ],
          [
            -76.902026,
            -10.341248
          ],
          [
            -76.902272,
            -10.341069
          ],
          [
            -76.902349,
            -10.340803
          ],
          [
            -76.902439,
            -10.340772
          ],
          [
            -76.902475,
            -10.340728
          ],
          [
            -76.902445,
            -10.340456
          ],
          [
            -76.902489,
            -10.340421
          ],
          [
            -76.902424,
            -10.340285
          ],
          [
            -76.902429,
            -10.340139
          ],
          [
            -76.902562,
            -10.340201
          ],
          [
            -76.902537,
            -10.339799
          ],
          [
            -76.902585,
            -10.33944
          ],
          [
            -76.902556,
            -10.339386
          ],
          [
            -76.903001,
            -10.338699
          ],
          [
            -76.903047,
            -10.338507
          ],
          [
            -76.903103,
            -10.33779
          ],
          [
            -76.903072,
            -10.337483
          ],
          [
            -76.903117,
            -10.337091
          ],
          [
            -76.903198,
            -10.336927
          ],
          [
            -76.903136,
            -10.336763
          ],
          [
            -76.903089,
            -10.336358
          ],
          [
            -76.903026,
            -10.336231
          ],
          [
            -76.903034,
            -10.336012
          ],
          [
            -76.903069,
            -10.335828
          ],
          [
            -76.903308,
            -10.335438
          ],
          [
            -76.903238,
            -10.335254
          ],
          [
            -76.903332,
            -10.334886
          ],
          [
            -76.903258,
            -10.334672
          ],
          [
            -76.903272,
            -10.334409
          ],
          [
            -76.903119,
            -10.334127
          ],
          [
            -76.903149,
            -10.333809
          ],
          [
            -76.903104,
            -10.333744
          ],
          [
            -76.903157,
            -10.333578
          ],
          [
            -76.90343,
            -10.333309
          ],
          [
            -76.903655,
            -10.332988
          ],
          [
            -76.903632,
            -10.332815
          ],
          [
            -76.903717,
            -10.332585
          ],
          [
            -76.903651,
            -10.33219
          ],
          [
            -76.903764,
            -10.331956
          ],
          [
            -76.903739,
            -10.331663
          ],
          [
            -76.903927,
            -10.331136
          ],
          [
            -76.904032,
            -10.331001
          ],
          [
            -76.90406,
            -10.33081
          ],
          [
            -76.904232,
            -10.330451
          ],
          [
            -76.904304,
            -10.330138
          ],
          [
            -76.90465,
            -10.32963
          ],
          [
            -76.904708,
            -10.329277
          ],
          [
            -76.905187,
            -10.328884
          ],
          [
            -76.905429,
            -10.32872
          ],
          [
            -76.905487,
            -10.328553
          ],
          [
            -76.905802,
            -10.32812
          ],
          [
            -76.905812,
            -10.328032
          ],
          [
            -76.90596,
            -10.327826
          ],
          [
            -76.90622,
            -10.32684
          ],
          [
            -76.906413,
            -10.326612
          ],
          [
            -76.906474,
            -10.326437
          ],
          [
            -76.906607,
            -10.326257
          ],
          [
            -76.906658,
            -10.325928
          ],
          [
            -76.906721,
            -10.325863
          ],
          [
            -76.906877,
            -10.325862
          ],
          [
            -76.907081,
            -10.325755
          ],
          [
            -76.907218,
            -10.325642
          ],
          [
            -76.907375,
            -10.325415
          ],
          [
            -76.907832,
            -10.32526
          ],
          [
            -76.907929,
            -10.325139
          ],
          [
            -76.908148,
            -10.325027
          ],
          [
            -76.908243,
            -10.325003
          ],
          [
            -76.90892,
            -10.324832
          ],
          [
            -76.909395,
            -10.324476
          ],
          [
            -76.909522,
            -10.324167
          ],
          [
            -76.909619,
            -10.324037
          ],
          [
            -76.910424,
            -10.323713
          ],
          [
            -76.910644,
            -10.323113
          ],
          [
            -76.910476,
            -10.322989
          ],
          [
            -76.910802,
            -10.322121
          ],
          [
            -76.911585,
            -10.321537
          ],
          [
            -76.911588,
            -10.321407
          ],
          [
            -76.91166,
            -10.321366
          ],
          [
            -76.911637,
            -10.321236
          ],
          [
            -76.911549,
            -10.321227
          ],
          [
            -76.911651,
            -10.321049
          ],
          [
            -76.911603,
            -10.320869
          ],
          [
            -76.911782,
            -10.320715
          ],
          [
            -76.911996,
            -10.320826
          ],
          [
            -76.912062,
            -10.320736
          ],
          [
            -76.912066,
            -10.320405
          ],
          [
            -76.911971,
            -10.320346
          ],
          [
            -76.912058,
            -10.320175
          ],
          [
            -76.911997,
            -10.319946
          ],
          [
            -76.912038,
            -10.319893
          ],
          [
            -76.912108,
            -10.319803
          ],
          [
            -76.91211,
            -10.319743
          ],
          [
            -76.911998,
            -10.319484
          ],
          [
            -76.911969,
            -10.319244
          ],
          [
            -76.911915,
            -10.319216
          ],
          [
            -76.911728,
            -10.318789
          ],
          [
            -76.911521,
            -10.318597
          ],
          [
            -76.911247,
            -10.318458
          ],
          [
            -76.911151,
            -10.318307
          ],
          [
            -76.911147,
            -10.318193
          ],
          [
            -76.911079,
            -10.318071
          ],
          [
            -76.911134,
            -10.318003
          ],
          [
            -76.911202,
            -10.317995
          ],
          [
            -76.911129,
            -10.317817
          ],
          [
            -76.911147,
            -10.317795
          ],
          [
            -76.911239,
            -10.317682
          ],
          [
            -76.911198,
            -10.31761
          ],
          [
            -76.911246,
            -10.317492
          ],
          [
            -76.911173,
            -10.317346
          ],
          [
            -76.911355,
            -10.317294
          ],
          [
            -76.911483,
            -10.317599
          ],
          [
            -76.911418,
            -10.317793
          ],
          [
            -76.911459,
            -10.318003
          ],
          [
            -76.911642,
            -10.318118
          ],
          [
            -76.911798,
            -10.318107
          ],
          [
            -76.911812,
            -10.318139
          ],
          [
            -76.911888,
            -10.31831
          ],
          [
            -76.91207,
            -10.318445
          ],
          [
            -76.91213,
            -10.318574
          ],
          [
            -76.91231,
            -10.318553
          ],
          [
            -76.912439,
            -10.318619
          ],
          [
            -76.912521,
            -10.318583
          ],
          [
            -76.912561,
            -10.318432
          ],
          [
            -76.913037,
            -10.31787
          ],
          [
            -76.913122,
            -10.317642
          ],
          [
            -76.913288,
            -10.317386
          ],
          [
            -76.913435,
            -10.316953
          ],
          [
            -76.913609,
            -10.316665
          ],
          [
            -76.913651,
            -10.316405
          ],
          [
            -76.913795,
            -10.316175
          ],
          [
            -76.914124,
            -10.31589
          ],
          [
            -76.914368,
            -10.315678
          ],
          [
            -76.915106,
            -10.31474
          ],
          [
            -76.915557,
            -10.314428
          ],
          [
            -76.916055,
            -10.314438
          ],
          [
            -76.916148,
            -10.314978
          ],
          [
            -76.91609,
            -10.31517
          ],
          [
            -76.915941,
            -10.315662
          ],
          [
            -76.91593,
            -10.31611
          ],
          [
            -76.916024,
            -10.316691
          ],
          [
            -76.916376,
            -10.316977
          ],
          [
            -76.916469,
            -10.317242
          ],
          [
            -76.916417,
            -10.317721
          ],
          [
            -76.916428,
            -10.31818
          ],
          [
            -76.916583,
            -10.318363
          ],
          [
            -76.91735,
            -10.318282
          ],
          [
            -76.91792,
            -10.317517
          ],
          [
            -76.918569,
            -10.317589
          ],
          [
            -76.919408,
            -10.31764
          ],
          [
            -76.919957,
            -10.31821
          ],
          [
            -76.920558,
            -10.318384
          ],
          [
            -76.921294,
            -10.318292
          ],
          [
            -76.921678,
            -10.318537
          ],
          [
            -76.921864,
            -10.318873
          ],
          [
            -76.921843,
            -10.319077
          ],
          [
            -76.922216,
            -10.318843
          ],
          [
            -76.922654,
            -10.318325
          ],
          [
            -76.922983,
            -10.317966
          ],
          [
            -76.923336,
            -10.317425
          ],
          [
            -76.923688,
            -10.316977
          ],
          [
            -76.923989,
            -10.316763
          ],
          [
            -76.924103,
            -10.316447
          ],
          [
            -76.924237,
            -10.315988
          ],
          [
            -76.923968,
            -10.31556
          ],
          [
            -76.923989,
            -10.315152
          ],
          [
            -76.923823,
            -10.314193
          ],
          [
            -76.923812,
            -10.31349
          ],
          [
            -76.924061,
            -10.312807
          ],
          [
            -76.924144,
            -10.312531
          ],
          [
            -76.924869,
            -10.311797
          ],
          [
            -76.925232,
            -10.311318
          ],
          [
            -76.925533,
            -10.311155
          ],
          [
            -76.925439,
            -10.310166
          ],
          [
            -76.925274,
            -10.309238
          ],
          [
            -76.925267,
            -10.308967
          ],
          [
            -76.925253,
            -10.308344
          ],
          [
            -76.924973,
            -10.307477
          ],
          [
            -76.924621,
            -10.306468
          ],
          [
            -76.924527,
            -10.305846
          ],
          [
            -76.924268,
            -10.305275
          ],
          [
            -76.924165,
            -10.304347
          ],
          [
            -76.924103,
            -10.303378
          ],
          [
            -76.924299,
            -10.302807
          ],
          [
            -76.924362,
            -10.302532
          ],
          [
            -76.924059,
            -10.30203
          ],
          [
            -76.924819,
            -10.301619
          ],
          [
            -76.925222,
            -10.301184
          ],
          [
            -76.925495,
            -10.300776
          ],
          [
            -76.92545,
            -10.300011
          ],
          [
            -76.925294,
            -10.299563
          ],
          [
            -76.925106,
            -10.299104
          ],
          [
            -76.925058,
            -10.298549
          ],
          [
            -76.925176,
            -10.298352
          ],
          [
            -76.925119,
            -10.298291
          ],
          [
            -76.925091,
            -10.298172
          ],
          [
            -76.92491,
            -10.297794
          ],
          [
            -76.925336,
            -10.297258
          ],
          [
            -76.925377,
            -10.29684
          ],
          [
            -76.925595,
            -10.296555
          ],
          [
            -76.925426,
            -10.296201
          ],
          [
            -76.92552,
            -10.295828
          ],
          [
            -76.925812,
            -10.295557
          ],
          [
            -76.925918,
            -10.295428
          ],
          [
            -76.925929,
            -10.295226
          ],
          [
            -76.926175,
            -10.295047
          ],
          [
            -76.926559,
            -10.295219
          ],
          [
            -76.927108,
            -10.294995
          ],
          [
            -76.927688,
            -10.294893
          ],
          [
            -76.929056,
            -10.295341
          ],
          [
            -76.929398,
            -10.295545
          ],
          [
            -76.92974,
            -10.295443
          ],
          [
            -76.92972,
            -10.295249
          ],
          [
            -76.930086,
            -10.29528
          ]
        ]
      },
      "properties": {
        "_umap_options": {
          "route": {
            "profile": "foot-hiking",
            "preference": "recommended",
            "elevation": false,
            "coordinates": [
              [
                -76.901486,
                -10.343587
              ],
              [
                -76.902945,
                -10.338499
              ],
              [
                -76.903181,
                -10.333602
              ],
              [
                -76.908245,
                -10.32501
              ],
              [
                -76.911936,
                -10.319817
              ],
              [
                -76.911035,
                -10.317706
              ],
              [
                -76.911936,
                -10.318086
              ],
              [
                -76.914124,
                -10.31589
              ],
              [
                -76.916099,
                -10.315173
              ],
              [
                -76.922622,
                -10.318297
              ],
              [
                -76.925325,
                -10.308966
              ],
              [
                -76.926184,
                -10.295497
              ],
              [
                -76.930089,
                -10.295243
              ]
            ]
          },
          "color": "MidnightBlue",
          "weight": 4
        },
        "name": "Alternative"
      }
    },
    {
      "type": "Feature",
      "geometry": {
        "type": "LineString",
        "coordinates": [
          [
            -76.929739,
            -10.296087
          ],
          [
            -76.93017,
            -10.296158
          ],
          [
            -76.930336,
            -10.296287
          ],
          [
            -76.930624,
            -10.296256
          ],
          [
            -76.930707,
            -10.296291
          ],
          [
            -76.93076,
            -10.296252
          ],
          [
            -76.930946,
            -10.296393
          ],
          [
            -76.931028,
            -10.296406
          ],
          [
            -76.931154,
            -10.296502
          ],
          [
            -76.931234,
            -10.296542
          ],
          [
            -76.931319,
            -10.296624
          ],
          [
            -76.931349,
            -10.296621
          ],
          [
            -76.931391,
            -10.296666
          ],
          [
            -76.931423,
            -10.296679
          ],
          [
            -76.931454,
            -10.296856
          ],
          [
            -76.931409,
            -10.297103
          ],
          [
            -76.931468,
            -10.297233
          ],
          [
            -76.931475,
            -10.297392
          ],
          [
            -76.931638,
            -10.297576
          ],
          [
            -76.931689,
            -10.297907
          ],
          [
            -76.931989,
            -10.298348
          ],
          [
            -76.932278,
            -10.299057
          ],
          [
            -76.932385,
            -10.29914
          ],
          [
            -76.932497,
            -10.299371
          ],
          [
            -76.932532,
            -10.299564
          ],
          [
            -76.932399,
            -10.299689
          ],
          [
            -76.932489,
            -10.299884
          ],
          [
            -76.932483,
            -10.300117
          ],
          [
            -76.932529,
            -10.300273
          ],
          [
            -76.93274,
            -10.300507
          ],
          [
            -76.932858,
            -10.300531
          ],
          [
            -76.932882,
            -10.300415
          ],
          [
            -76.93292,
            -10.300466
          ],
          [
            -76.933015,
            -10.300485
          ],
          [
            -76.933249,
            -10.300707
          ],
          [
            -76.933417,
            -10.30108
          ],
          [
            -76.933442,
            -10.301351
          ],
          [
            -76.933469,
            -10.301363
          ],
          [
            -76.933891,
            -10.30231
          ],
          [
            -76.934048,
            -10.30241
          ],
          [
            -76.934083,
            -10.302875
          ],
          [
            -76.934045,
            -10.303044
          ],
          [
            -76.934158,
            -10.303222
          ],
          [
            -76.93413,
            -10.303414
          ],
          [
            -76.934204,
            -10.303662
          ],
          [
            -76.934572,
            -10.304356
          ],
          [
            -76.934849,
            -10.304602
          ],
          [
            -76.934921,
            -10.304761
          ],
          [
            -76.934943,
            -10.30521
          ],
          [
            -76.935009,
            -10.305417
          ],
          [
            -76.935064,
            -10.305457
          ],
          [
            -76.935087,
            -10.305658
          ],
          [
            -76.935409,
            -10.30649
          ],
          [
            -76.935412,
            -10.306684
          ],
          [
            -76.935485,
            -10.306898
          ],
          [
            -76.93546,
            -10.307244
          ],
          [
            -76.93546,
            -10.307739
          ],
          [
            -76.935523,
            -10.307859
          ],
          [
            -76.935563,
            -10.308142
          ],
          [
            -76.935699,
            -10.308423
          ],
          [
            -76.935707,
            -10.308653
          ],
          [
            -76.935812,
            -10.308877
          ],
          [
            -76.935892,
            -10.309216
          ],
          [
            -76.935903,
            -10.309352
          ],
          [
            -76.93588,
            -10.309578
          ],
          [
            -76.935797,
            -10.310063
          ],
          [
            -76.93605,
            -10.310283
          ],
          [
            -76.936243,
            -10.31055
          ],
          [
            -76.936417,
            -10.310929
          ],
          [
            -76.936825,
            -10.311513
          ],
          [
            -76.936868,
            -10.311635
          ],
          [
            -76.936972,
            -10.311737
          ],
          [
            -76.93757,
            -10.312323
          ],
          [
            -76.9379,
            -10.312745
          ],
          [
            -76.937909,
            -10.312837
          ],
          [
            -76.938272,
            -10.313244
          ],
          [
            -76.938304,
            -10.313485
          ],
          [
            -76.938602,
            -10.313861
          ],
          [
            -76.938373,
            -10.314407
          ],
          [
            -76.938398,
            -10.31475
          ],
          [
            -76.938539,
            -10.314937
          ],
          [
            -76.938635,
            -10.31574
          ],
          [
            -76.938692,
            -10.315975
          ],
          [
            -76.938799,
            -10.316138
          ],
          [
            -76.938826,
            -10.316593
          ],
          [
            -76.938951,
            -10.317148
          ],
          [
            -76.939208,
            -10.317432
          ],
          [
            -76.939265,
            -10.317652
          ],
          [
            -76.93962,
            -10.317924
          ],
          [
            -76.939725,
            -10.318138
          ],
          [
            -76.93984,
            -10.318167
          ],
          [
            -76.939896,
            -10.318385
          ],
          [
            -76.939994,
            -10.318452
          ],
          [
            -76.939999,
            -10.318511
          ],
          [
            -76.940174,
            -10.318568
          ],
          [
            -76.940199,
            -10.318619
          ],
          [
            -76.940287,
            -10.318606
          ],
          [
            -76.940466,
            -10.318774
          ],
          [
            -76.940959,
            -10.319059
          ],
          [
            -76.941468,
            -10.319145
          ],
          [
            -76.941689,
            -10.319223
          ],
          [
            -76.942246,
            -10.319725
          ],
          [
            -76.94227,
            -10.319856
          ],
          [
            -76.942546,
            -10.320221
          ],
          [
            -76.9426,
            -10.32024
          ],
          [
            -76.942672,
            -10.320461
          ],
          [
            -76.942653,
            -10.320486
          ],
          [
            -76.942672,
            -10.320677
          ],
          [
            -76.942918,
            -10.321079
          ],
          [
            -76.942882,
            -10.321169
          ],
          [
            -76.943001,
            -10.321373
          ],
          [
            -76.943091,
            -10.32166
          ],
          [
            -76.943442,
            -10.322218
          ],
          [
            -76.943688,
            -10.322467
          ],
          [
            -76.943804,
            -10.322816
          ],
          [
            -76.944027,
            -10.323074
          ],
          [
            -76.94403,
            -10.323292
          ],
          [
            -76.944139,
            -10.323573
          ],
          [
            -76.944375,
            -10.323723
          ],
          [
            -76.944469,
            -10.323846
          ],
          [
            -76.944528,
            -10.323831
          ],
          [
            -76.944613,
            -10.323993
          ],
          [
            -76.944675,
            -10.324136
          ],
          [
            -76.944684,
            -10.324299
          ],
          [
            -76.944778,
            -10.324374
          ],
          [
            -76.944657,
            -10.324587
          ],
          [
            -76.944698,
            -10.324749
          ],
          [
            -76.944819,
            -10.324849
          ],
          [
            -76.945006,
            -10.325201
          ],
          [
            -76.94512,
            -10.325319
          ],
          [
            -76.945095,
            -10.325346
          ],
          [
            -76.945253,
            -10.325678
          ],
          [
            -76.945422,
            -10.325856
          ],
          [
            -76.94551,
            -10.326164
          ],
          [
            -76.945729,
            -10.326436
          ],
          [
            -76.946015,
            -10.326661
          ],
          [
            -76.946151,
            -10.327022
          ],
          [
            -76.94638,
            -10.327066
          ],
          [
            -76.946632,
            -10.327041
          ],
          [
            -76.946933,
            -10.327117
          ],
          [
            -76.947122,
            -10.327211
          ],
          [
            -76.947528,
            -10.327517
          ],
          [
            -76.947857,
            -10.328102
          ],
          [
            -76.94812,
            -10.328424
          ],
          [
            -76.948178,
            -10.328537
          ],
          [
            -76.948172,
            -10.328775
          ],
          [
            -76.948753,
            -10.329728
          ],
          [
            -76.948678,
            -10.329902
          ],
          [
            -76.948792,
            -10.330344
          ],
          [
            -76.948963,
            -10.330646
          ],
          [
            -76.948994,
            -10.331066
          ],
          [
            -76.948944,
            -10.33111
          ],
          [
            -76.948953,
            -10.331167
          ],
          [
            -76.949097,
            -10.331412
          ],
          [
            -76.949356,
            -10.331721
          ],
          [
            -76.949396,
            -10.332061
          ],
          [
            -76.949519,
            -10.332355
          ],
          [
            -76.949809,
            -10.332864
          ],
          [
            -76.950134,
            -10.333255
          ],
          [
            -76.950278,
            -10.333568
          ],
          [
            -76.950348,
            -10.333807
          ],
          [
            -76.950486,
            -10.333976
          ],
          [
            -76.950551,
            -10.334146
          ],
          [
            -76.950634,
            -10.334173
          ],
          [
            -76.950683,
            -10.334144
          ],
          [
            -76.95072,
            -10.334194
          ],
          [
            -76.950863,
            -10.334121
          ],
          [
            -76.950909,
            -10.334152
          ],
          [
            -76.950892,
            -10.334446
          ],
          [
            -76.950951,
            -10.334568
          ],
          [
            -76.951001,
            -10.334958
          ],
          [
            -76.951066,
            -10.335052
          ],
          [
            -76.951086,
            -10.33552
          ],
          [
            -76.951376,
            -10.336239
          ],
          [
            -76.951495,
            -10.336797
          ],
          [
            -76.95158,
            -10.336861
          ],
          [
            -76.951696,
            -10.337189
          ],
          [
            -76.951713,
            -10.337472
          ],
          [
            -76.951653,
            -10.337583
          ],
          [
            -76.951701,
            -10.337793
          ],
          [
            -76.951861,
            -10.338023
          ],
          [
            -76.952001,
            -10.338116
          ],
          [
            -76.952059,
            -10.338253
          ],
          [
            -76.952238,
            -10.338386
          ],
          [
            -76.952204,
            -10.338673
          ],
          [
            -76.952302,
            -10.338995
          ],
          [
            -76.952493,
            -10.3393
          ],
          [
            -76.952571,
            -10.339557
          ],
          [
            -76.952629,
            -10.339571
          ],
          [
            -76.952648,
            -10.339668
          ],
          [
            -76.952789,
            -10.33986
          ],
          [
            -76.953157,
            -10.340266
          ],
          [
            -76.953127,
            -10.340583
          ],
          [
            -76.95343,
            -10.341003
          ],
          [
            -76.953512,
            -10.341285
          ],
          [
            -76.95375,
            -10.341465
          ],
          [
            -76.95384,
            -10.341598
          ],
          [
            -76.953864,
            -10.341773
          ],
          [
            -76.954238,
            -10.342068
          ],
          [
            -76.95443,
            -10.342076
          ],
          [
            -76.954522,
            -10.342158
          ],
          [
            -76.954598,
            -10.342379
          ],
          [
            -76.954521,
            -10.342507
          ],
          [
            -76.954584,
            -10.342608
          ],
          [
            -76.954589,
            -10.342772
          ],
          [
            -76.954878,
            -10.343247
          ],
          [
            -76.95497,
            -10.343334
          ],
          [
            -76.955191,
            -10.34338
          ],
          [
            -76.95539,
            -10.343481
          ],
          [
            -76.955415,
            -10.343618
          ],
          [
            -76.955773,
            -10.343915
          ],
          [
            -76.955942,
            -10.344105
          ],
          [
            -76.955999,
            -10.344296
          ],
          [
            -76.956303,
            -10.344568
          ],
          [
            -76.956405,
            -10.344825
          ],
          [
            -76.956654,
            -10.344948
          ],
          [
            -76.956775,
            -10.34496
          ],
          [
            -76.956981,
            -10.345076
          ],
          [
            -76.957054,
            -10.345186
          ],
          [
            -76.957183,
            -10.345207
          ],
          [
            -76.957356,
            -10.345518
          ],
          [
            -76.95747,
            -10.345665
          ],
          [
            -76.957539,
            -10.345652
          ],
          [
            -76.957531,
            -10.345738
          ],
          [
            -76.957645,
            -10.34583
          ],
          [
            -76.957763,
            -10.346014
          ],
          [
            -76.957791,
            -10.346033
          ],
          [
            -76.95789,
            -10.346235
          ],
          [
            -76.957842,
            -10.346345
          ],
          [
            -76.957873,
            -10.346396
          ],
          [
            -76.95819,
            -10.346679
          ],
          [
            -76.958384,
            -10.346786
          ],
          [
            -76.958421,
            -10.346911
          ],
          [
            -76.958774,
            -10.347308
          ],
          [
            -76.958996,
            -10.347651
          ],
          [
            -76.95902,
            -10.347777
          ],
          [
            -76.959377,
            -10.34805
          ],
          [
            -76.959542,
            -10.348316
          ],
          [
            -76.959589,
            -10.348577
          ],
          [
            -76.960033,
            -10.348956
          ],
          [
            -76.960061,
            -10.349036
          ],
          [
            -76.960154,
            -10.349063
          ],
          [
            -76.960184,
            -10.349223
          ],
          [
            -76.960285,
            -10.349352
          ],
          [
            -76.960369,
            -10.349371
          ],
          [
            -76.960822,
            -10.349578
          ],
          [
            -76.960897,
            -10.349678
          ],
          [
            -76.960996,
            -10.349776
          ],
          [
            -76.961083,
            -10.349792
          ],
          [
            -76.961381,
            -10.349908
          ],
          [
            -76.961469,
            -10.350081
          ],
          [
            -76.961617,
            -10.350217
          ],
          [
            -76.961664,
            -10.350295
          ],
          [
            -76.961963,
            -10.350406
          ],
          [
            -76.962073,
            -10.350462
          ],
          [
            -76.961976,
            -10.350592
          ],
          [
            -76.961987,
            -10.350654
          ],
          [
            -76.962072,
            -10.350732
          ],
          [
            -76.962147,
            -10.350716
          ],
          [
            -76.962234,
            -10.350895
          ],
          [
            -76.962324,
            -10.350928
          ],
          [
            -76.962445,
            -10.351072
          ],
          [
            -76.962708,
            -10.351126
          ],
          [
            -76.962893,
            -10.351091
          ],
          [
            -76.963084,
            -10.351254
          ],
          [
            -76.963121,
            -10.351341
          ],
          [
            -76.963596,
            -10.35153
          ],
          [
            -76.963716,
            -10.351632
          ],
          [
            -76.96386,
            -10.351698
          ],
          [
            -76.964282,
            -10.351594
          ],
          [
            -76.964407,
            -10.35164
          ],
          [
            -76.964473,
            -10.35165
          ],
          [
            -76.964559,
            -10.351803
          ],
          [
            -76.964869,
            -10.352008
          ],
          [
            -76.965077,
            -10.351945
          ],
          [
            -76.965212,
            -10.352125
          ],
          [
            -76.965486,
            -10.352087
          ],
          [
            -76.965521,
            -10.352198
          ],
          [
            -76.965537,
            -10.352168
          ],
          [
            -76.965629,
            -10.352191
          ],
          [
            -76.965752,
            -10.352363
          ],
          [
            -76.965839,
            -10.352321
          ],
          [
            -76.96592,
            -10.352391
          ],
          [
            -76.965895,
            -10.352444
          ],
          [
            -76.965948,
            -10.352512
          ],
          [
            -76.966041,
            -10.352616
          ],
          [
            -76.966161,
            -10.352672
          ],
          [
            -76.966135,
            -10.352729
          ],
          [
            -76.966245,
            -10.352888
          ],
          [
            -76.966275,
            -10.353018
          ],
          [
            -76.966487,
            -10.353184
          ],
          [
            -76.966773,
            -10.353232
          ],
          [
            -76.966925,
            -10.353361
          ],
          [
            -76.967258,
            -10.35342
          ],
          [
            -76.967573,
            -10.353694
          ],
          [
            -76.967929,
            -10.353778
          ],
          [
            -76.968056,
            -10.353874
          ],
          [
            -76.968119,
            -10.353871
          ],
          [
            -76.968156,
            -10.353816
          ],
          [
            -76.96817,
            -10.353874
          ],
          [
            -76.968562,
            -10.354104
          ],
          [
            -76.968707,
            -10.354143
          ],
          [
            -76.968822,
            -10.354117
          ],
          [
            -76.968941,
            -10.354028
          ],
          [
            -76.969077,
            -10.354014
          ],
          [
            -76.9692,
            -10.354025
          ],
          [
            -76.969348,
            -10.354082
          ],
          [
            -76.969591,
            -10.354387
          ],
          [
            -76.969726,
            -10.354479
          ],
          [
            -76.969958,
            -10.354745
          ],
          [
            -76.97003,
            -10.354788
          ],
          [
            -76.970175,
            -10.354735
          ],
          [
            -76.970192,
            -10.354778
          ],
          [
            -76.970105,
            -10.354876
          ],
          [
            -76.970115,
            -10.354957
          ],
          [
            -76.970239,
            -10.354996
          ],
          [
            -76.970494,
            -10.354986
          ],
          [
            -76.970612,
            -10.354969
          ],
          [
            -76.970778,
            -10.354921
          ],
          [
            -76.971028,
            -10.354914
          ],
          [
            -76.971212,
            -10.354876
          ],
          [
            -76.971409,
            -10.354908
          ],
          [
            -76.97174,
            -10.354896
          ],
          [
            -76.971923,
            -10.35491
          ],
          [
            -76.97226,
            -10.355049
          ],
          [
            -76.972531,
            -10.355104
          ],
          [
            -76.972896,
            -10.35509
          ],
          [
            -76.973244,
            -10.355139
          ],
          [
            -76.973424,
            -10.355108
          ],
          [
            -76.97354,
            -10.355141
          ],
          [
            -76.973923,
            -10.355108
          ],
          [
            -76.973919,
            -10.355149
          ],
          [
            -76.974008,
            -10.355177
          ],
          [
            -76.974174,
            -10.355147
          ],
          [
            -76.974292,
            -10.355153
          ],
          [
            -76.974474,
            -10.355179
          ],
          [
            -76.974652,
            -10.355246
          ],
          [
            -76.974876,
            -10.355208
          ],
          [
            -76.975012,
            -10.355228
          ],
          [
            -76.975174,
            -10.355212
          ],
          [
            -76.975417,
            -10.355326
          ],
          [
            -76.975606,
            -10.355416
          ],
          [
            -76.97565,
            -10.355489
          ],
          [
            -76.975863,
            -10.355644
          ],
          [
            -76.97595,
            -10.355731
          ],
          [
            -76.976023,
            -10.35588
          ],
          [
            -76.976159,
            -10.355968
          ],
          [
            -76.976325,
            -10.356025
          ],
          [
            -76.97647,
            -10.35612
          ],
          [
            -76.976594,
            -10.356151
          ],
          [
            -76.976727,
            -10.356216
          ],
          [
            -76.976789,
            -10.356334
          ],
          [
            -76.976994,
            -10.356212
          ],
          [
            -76.97718,
            -10.356269
          ],
          [
            -76.977226,
            -10.356271
          ],
          [
            -76.977346,
            -10.3562
          ],
          [
            -76.977497,
            -10.356218
          ],
          [
            -76.977675,
            -10.356014
          ],
          [
            -76.977797,
            -10.355902
          ],
          [
            -76.977886,
            -10.355774
          ],
          [
            -76.978015,
            -10.355727
          ],
          [
            -76.97822,
            -10.355587
          ],
          [
            -76.978346,
            -10.355534
          ],
          [
            -76.978615,
            -10.355597
          ],
          [
            -76.978893,
            -10.355613
          ],
          [
            -76.979024,
            -10.355641
          ],
          [
            -76.979117,
            -10.355715
          ],
          [
            -76.979416,
            -10.355764
          ],
          [
            -76.979614,
            -10.355838
          ],
          [
            -76.979942,
            -10.355903
          ],
          [
            -76.980397,
            -10.356033
          ],
          [
            -76.980955,
            -10.356067
          ],
          [
            -76.981082,
            -10.356115
          ],
          [
            -76.981354,
            -10.356288
          ],
          [
            -76.981596,
            -10.356373
          ],
          [
            -76.981726,
            -10.356466
          ],
          [
            -76.982354,
            -10.356418
          ],
          [
            -76.982895,
            -10.356409
          ],
          [
            -76.98337,
            -10.356522
          ],
          [
            -76.983573,
            -10.356618
          ],
          [
            -76.983808,
            -10.356664
          ],
          [
            -76.983938,
            -10.356608
          ],
          [
            -76.984031,
            -10.356632
          ],
          [
            -76.984094,
            -10.356678
          ],
          [
            -76.98465,
            -10.356628
          ],
          [
            -76.984848,
            -10.356644
          ],
          [
            -76.984907,
            -10.356734
          ],
          [
            -76.985019,
            -10.356808
          ],
          [
            -76.985222,
            -10.356859
          ],
          [
            -76.985305,
            -10.356929
          ],
          [
            -76.985296,
            -10.356965
          ],
          [
            -76.985205,
            -10.357032
          ],
          [
            -76.985323,
            -10.357078
          ],
          [
            -76.985364,
            -10.35714
          ],
          [
            -76.985452,
            -10.357148
          ],
          [
            -76.985832,
            -10.35729
          ],
          [
            -76.986008,
            -10.357403
          ],
          [
            -76.986091,
            -10.357429
          ],
          [
            -76.986668,
            -10.357477
          ],
          [
            -76.986764,
            -10.357523
          ],
          [
            -76.98694,
            -10.357533
          ],
          [
            -76.987018,
            -10.357605
          ],
          [
            -76.987148,
            -10.3576
          ],
          [
            -76.987363,
            -10.357651
          ],
          [
            -76.988319,
            -10.357793
          ],
          [
            -76.988845,
            -10.35792
          ],
          [
            -76.98955,
            -10.357885
          ],
          [
            -76.989723,
            -10.3578
          ],
          [
            -76.98995,
            -10.357648
          ],
          [
            -76.990502,
            -10.357684
          ],
          [
            -76.991153,
            -10.357568
          ],
          [
            -76.991833,
            -10.357578
          ],
          [
            -76.992015,
            -10.357654
          ],
          [
            -76.992631,
            -10.357586
          ],
          [
            -76.992874,
            -10.35749
          ],
          [
            -76.993306,
            -10.357476
          ],
          [
            -76.994249,
            -10.357584
          ],
          [
            -76.994861,
            -10.357497
          ],
          [
            -76.995057,
            -10.357581
          ],
          [
            -76.995197,
            -10.357507
          ],
          [
            -76.995673,
            -10.357434
          ],
          [
            -76.995953,
            -10.357506
          ],
          [
            -76.996706,
            -10.357283
          ],
          [
            -76.996943,
            -10.357099
          ],
          [
            -76.997296,
            -10.356945
          ],
          [
            -76.997434,
            -10.356929
          ],
          [
            -76.997474,
            -10.356824
          ],
          [
            -76.997241,
            -10.356745
          ],
          [
            -76.997622,
            -10.356497
          ],
          [
            -76.998514,
            -10.355403
          ],
          [
            -76.998753,
            -10.35531
          ],
          [
            -76.998956,
            -10.355034
          ],
          [
            -76.999189,
            -10.354852
          ],
          [
            -76.999458,
            -10.354057
          ],
          [
            -76.999387,
            -10.353616
          ],
          [
            -76.999444,
            -10.353289
          ],
          [
            -76.999417,
            -10.352764
          ],
          [
            -76.999327,
            -10.351811
          ],
          [
            -76.999452,
            -10.351298
          ],
          [
            -76.999577,
            -10.35137
          ],
          [
            -76.999727,
            -10.351346
          ],
          [
            -76.999751,
            -10.351131
          ],
          [
            -76.999842,
            -10.351183
          ],
          [
            -76.999901,
            -10.351048
          ],
          [
            -77.000048,
            -10.350413
          ],
          [
            -77.000243,
            -10.349945
          ],
          [
            -77.000434,
            -10.349805
          ],
          [
            -77.000626,
            -10.349302
          ],
          [
            -77.000897,
            -10.349136
          ],
          [
            -77.001191,
            -10.348341
          ],
          [
            -77.001277,
            -10.348057
          ],
          [
            -77.001139,
            -10.347717
          ],
          [
            -77.001379,
            -10.34657
          ],
          [
            -77.00164,
            -10.346861
          ],
          [
            -77.001623,
            -10.346489
          ],
          [
            -77.001564,
            -10.345898
          ],
          [
            -77.001848,
            -10.345105
          ],
          [
            -77.001798,
            -10.344942
          ],
          [
            -77.001887,
            -10.344364
          ],
          [
            -77.002094,
            -10.344265
          ],
          [
            -77.002398,
            -10.343523
          ],
          [
            -77.002307,
            -10.342746
          ],
          [
            -77.00246,
            -10.342798
          ],
          [
            -77.002365,
            -10.342201
          ],
          [
            -77.00225,
            -10.340935
          ],
          [
            -77.002411,
            -10.340816
          ],
          [
            -77.002371,
            -10.34051
          ],
          [
            -77.002427,
            -10.340027
          ],
          [
            -77.002323,
            -10.339703
          ],
          [
            -77.002373,
            -10.339488
          ],
          [
            -77.00219,
            -10.339045
          ],
          [
            -77.0022,
            -10.33857
          ],
          [
            -77.002283,
            -10.33852
          ],
          [
            -77.002404,
            -10.33817
          ],
          [
            -77.002341,
            -10.337985
          ],
          [
            -77.002024,
            -10.337698
          ],
          [
            -77.001908,
            -10.337304
          ],
          [
            -77.001416,
            -10.336137
          ],
          [
            -77.001423,
            -10.336023
          ],
          [
            -77.001602,
            -10.335921
          ],
          [
            -77.001559,
            -10.3354
          ],
          [
            -77.001682,
            -10.33529
          ],
          [
            -77.001737,
            -10.334972
          ],
          [
            -77.001737,
            -10.334656
          ],
          [
            -77.001765,
            -10.334494
          ],
          [
            -77.001566,
            -10.334475
          ],
          [
            -77.001372,
            -10.334882
          ],
          [
            -77.001124,
            -10.334879
          ],
          [
            -77.00094,
            -10.33472
          ],
          [
            -77.000518,
            -10.334708
          ],
          [
            -77.000351,
            -10.33464
          ],
          [
            -77.000297,
            -10.334387
          ],
          [
            -76.999967,
            -10.334247
          ],
          [
            -76.999827,
            -10.334335
          ],
          [
            -76.998933,
            -10.334143
          ],
          [
            -76.998779,
            -10.334351
          ],
          [
            -76.99848,
            -10.334193
          ],
          [
            -76.998244,
            -10.334153
          ],
          [
            -76.997973,
            -10.333812
          ],
          [
            -76.997795,
            -10.333529
          ],
          [
            -76.997753,
            -10.333181
          ],
          [
            -76.997137,
            -10.332936
          ],
          [
            -76.997252,
            -10.332769
          ],
          [
            -76.997085,
            -10.332629
          ],
          [
            -76.996701,
            -10.3324
          ],
          [
            -76.996667,
            -10.332131
          ],
          [
            -76.996421,
            -10.331666
          ],
          [
            -76.996144,
            -10.329963
          ],
          [
            -76.995935,
            -10.32931
          ],
          [
            -76.995915,
            -10.328429
          ],
          [
            -76.996018,
            -10.328167
          ],
          [
            -76.995995,
            -10.327933
          ],
          [
            -76.995948,
            -10.327699
          ],
          [
            -76.995814,
            -10.327293
          ],
          [
            -76.995706,
            -10.327224
          ],
          [
            -76.995658,
            -10.327077
          ],
          [
            -76.995572,
            -10.327074
          ],
          [
            -76.99531,
            -10.326631
          ],
          [
            -76.995385,
            -10.326515
          ],
          [
            -76.995363,
            -10.32639
          ],
          [
            -76.995202,
            -10.326194
          ]
        ]
      },
      "properties": {
        "_umap_options": {
          "route": {
            "profile": "foot-hiking",
            "preference": "recommended",
            "elevation": false,
            "coordinates": [
              [
                -76.929746,
                -10.296046
              ],
              [
                -76.936784,
                -10.311922
              ],
              [
                -76.975193,
                -10.355787
              ],
              [
                -76.99517,
                -10.326213
              ]
            ]
          },
          "opacity": 0.8,
          "weight": 4
        },
        "name": "Alternative"
      }
    },
    {
      "type": "Feature",
      "geometry": {
        "type": "LineString",
        "coordinates": [
          [
            -76.892663,
            -10.205115
          ],
          [
            -76.89239,
            -10.205251
          ],
          [
            -76.891314,
            -10.205787
          ],
          [
            -76.891056,
            -10.208849
          ],
          [
            -76.890455,
            -10.211024
          ],
          [
            -76.889382,
            -10.211277
          ],
          [
            -76.889232,
            -10.213389
          ],
          [
            -76.888867,
            -10.217803
          ],
          [
            -76.889404,
            -10.219324
          ],
          [
            -76.889833,
            -10.221161
          ],
          [
            -76.889833,
            -10.22228
          ],
          [
            -76.88846,
            -10.222534
          ],
          [
            -76.887988,
            -10.222175
          ],
          [
            -76.887365,
            -10.222491
          ],
          [
            -76.886256,
            -10.222561
          ],
          [
            -76.883231,
            -10.224863
          ],
          [
            -76.88278,
            -10.22539
          ],
          [
            -76.880149,
            -10.226625
          ],
          [
            -76.875974,
            -10.229241
          ],
          [
            -76.874413,
            -10.230297
          ],
          [
            -76.87399,
            -10.230473
          ],
          [
            -76.872841,
            -10.230678
          ]
        ]
      },
      "properties": {
        "_umap_options": {
          "route": {
            "profile": "foot-hiking",
            "preference": "recommended",
            "elevation": false,
            "coordinates": [
              [
                -76.892624,
                -10.205039
              ],
              [
                -76.892281,
                -10.205039
              ],
              [
                -76.872797,
                -10.230464
              ]
            ]
          },
          "dashArray": "5,10,5,10"
        },
        "name": "Alternative"
      }
    },
    {
      "type": "Feature",
      "geometry": {
        "type": "Point",
        "coordinates": [
          -76.895113,
          -10.194585
        ]
      },
      "properties": {
        "_umap_options": {
          "iconUrl": "/uploads/pictogram/camping.svg",
          "color": "BurlyWood"
        },
        "name": "Alternative campsite Day 1"
      }
    },
    {
      "type": "Feature",
      "geometry": {
        "type": "Point",
        "coordinates": [
          -76.930368,
          -10.295074
        ]
      },
      "properties": {
        "_umap_options": {
          "iconUrl": "/uploads/pictogram/camping.svg"
        },
        "name": "camp"
      }
    },
    {
      "type": "Feature",
      "geometry": {
        "coordinates": [
          [
            -76.923675,
            -10.155042,
            4152
          ],
          [
            -76.923493,
            -10.154668,
            4160
          ],
          [
            -76.923515,
            -10.154401,
            4160
          ],
          [
            -76.923269,
            -10.154173,
            4162
          ],
          [
            -76.923298,
            -10.154044,
            4163
          ],
          [
            -76.922492,
            -10.153681,
            4189
          ],
          [
            -76.92232,
            -10.153546,
            4189
          ],
          [
            -76.92221,
            -10.153379,
            4189
          ],
          [
            -76.921952,
            -10.15299,
            4181
          ],
          [
            -76.921767,
            -10.152564,
            4181
          ],
          [
            -76.921261,
            -10.151872,
            4207
          ],
          [
            -76.920831,
            -10.151015,
            4219
          ],
          [
            -76.920611,
            -10.151008,
            4219
          ],
          [
            -76.92045,
            -10.150818,
            4224
          ],
          [
            -76.920276,
            -10.150786,
            4224
          ],
          [
            -76.920221,
            -10.150534,
            4224
          ],
          [
            -76.919738,
            -10.150149,
            4255
          ],
          [
            -76.919186,
            -10.149504,
            4258
          ],
          [
            -76.919064,
            -10.149415,
            4305
          ],
          [
            -76.918995,
            -10.149558,
            4305
          ],
          [
            -76.918974,
            -10.149602,
            4305
          ],
          [
            -76.918853,
            -10.150204,
            4294
          ],
          [
            -76.918909,
            -10.150414,
            4294
          ],
          [
            -76.918847,
            -10.150502,
            4294
          ],
          [
            -76.918811,
            -10.150512,
            4294
          ],
          [
            -76.918733,
            -10.150375,
            4294
          ],
          [
            -76.91856,
            -10.150505,
            4294
          ],
          [
            -76.918068,
            -10.149901,
            4359
          ],
          [
            -76.917828,
            -10.150039,
            4340
          ],
          [
            -76.917858,
            -10.150207,
            4340
          ],
          [
            -76.91772,
            -10.150079,
            4340
          ],
          [
            -76.91758,
            -10.150239,
            4340
          ],
          [
            -76.917519,
            -10.150346,
            4340
          ],
          [
            -76.917585,
            -10.150515,
            4340
          ],
          [
            -76.917442,
            -10.150405,
            4385
          ],
          [
            -76.917315,
            -10.150488,
            4385
          ],
          [
            -76.917356,
            -10.149892,
            4419
          ],
          [
            -76.917217,
            -10.149931,
            4419
          ],
          [
            -76.917292,
            -10.149698,
            4419
          ],
          [
            -76.917182,
            -10.149789,
            4419
          ],
          [
            -76.917106,
            -10.149721,
            4419
          ],
          [
            -76.917042,
            -10.149743,
            4419
          ],
          [
            -76.91706,
            -10.149609,
            4419
          ],
          [
            -76.917246,
            -10.149413,
            4419
          ],
          [
            -76.917121,
            -10.149267,
            4419
          ],
          [
            -76.916952,
            -10.149331,
            4419
          ],
          [
            -76.916752,
            -10.149461,
            4419
          ],
          [
            -76.916348,
            -10.149626,
            4467
          ],
          [
            -76.91622,
            -10.150173,
            4495
          ],
          [
            -76.915792,
            -10.150126,
            4528
          ],
          [
            -76.915773,
            -10.150294,
            4528
          ],
          [
            -76.915667,
            -10.1503,
            4528
          ],
          [
            -76.915685,
            -10.150641,
            4528
          ],
          [
            -76.915443,
            -10.150896,
            4479
          ],
          [
            -76.915289,
            -10.151177,
            4479
          ],
          [
            -76.915232,
            -10.151838,
            4436
          ],
          [
            -76.915123,
            -10.15213,
            4436
          ],
          [
            -76.915086,
            -10.152456,
            4436
          ],
          [
            -76.914874,
            -10.152726,
            4484
          ],
          [
            -76.914302,
            -10.153156,
            4484
          ],
          [
            -76.913518,
            -10.154061,
            4538
          ],
          [
            -76.913401,
            -10.154064,
            4538
          ],
          [
            -76.913366,
            -10.153996,
            4538
          ],
          [
            -76.913272,
            -10.154071,
            4613
          ],
          [
            -76.913258,
            -10.154135,
            4613
          ],
          [
            -76.912987,
            -10.154267,
            4590
          ],
          [
            -76.913006,
            -10.1547,
            4590
          ],
          [
            -76.912796,
            -10.154915,
            4590
          ],
          [
            -76.912716,
            -10.15518,
            4580
          ],
          [
            -76.912782,
            -10.155258,
            4580
          ],
          [
            -76.912772,
            -10.155636,
            4580
          ],
          [
            -76.912397,
            -10.156003,
            4635
          ],
          [
            -76.912291,
            -10.155901,
            4635
          ],
          [
            -76.912176,
            -10.156487,
            4635
          ],
          [
            -76.912111,
            -10.156037,
            4635
          ],
          [
            -76.91212,
            -10.156442,
            4635
          ],
          [
            -76.912253,
            -10.156637,
            4635
          ],
          [
            -76.912282,
            -10.156861,
            4664
          ],
          [
            -76.912173,
            -10.156885,
            4664
          ],
          [
            -76.911996,
            -10.156851,
            4664
          ],
          [
            -76.911829,
            -10.156899,
            4664
          ],
          [
            -76.911692,
            -10.15674,
            4664
          ],
          [
            -76.911656,
            -10.156968,
            4672
          ],
          [
            -76.911438,
            -10.156905,
            4672
          ],
          [
            -76.911377,
            -10.156677,
            4672
          ],
          [
            -76.911181,
            -10.156579,
            4650
          ],
          [
            -76.910761,
            -10.156723,
            4626
          ],
          [
            -76.910661,
            -10.156592,
            4617
          ],
          [
            -76.910588,
            -10.156648,
            4617
          ],
          [
            -76.910535,
            -10.156606,
            4617
          ],
          [
            -76.910453,
            -10.156684,
            4626
          ],
          [
            -76.910292,
            -10.156634,
            4617
          ],
          [
            -76.910049,
            -10.156804,
            4626
          ],
          [
            -76.909916,
            -10.157102,
            4569
          ],
          [
            -76.909722,
            -10.156787,
            4569
          ],
          [
            -76.909321,
            -10.156915,
            4569
          ],
          [
            -76.909322,
            -10.157063,
            4569
          ],
          [
            -76.909207,
            -10.157013,
            4569
          ],
          [
            -76.909132,
            -10.156919,
            4532
          ],
          [
            -76.909013,
            -10.157061,
            4532
          ],
          [
            -76.908911,
            -10.157031,
            4532
          ],
          [
            -76.908873,
            -10.157207,
            4532
          ],
          [
            -76.908754,
            -10.157153,
            4532
          ],
          [
            -76.908679,
            -10.157118,
            4532
          ],
          [
            -76.908656,
            -10.157213,
            4532
          ],
          [
            -76.90874,
            -10.157525,
            4526
          ],
          [
            -76.908625,
            -10.157546,
            4526
          ],
          [
            -76.908653,
            -10.157845,
            4526
          ],
          [
            -76.908572,
            -10.158265,
            4526
          ],
          [
            -76.908037,
            -10.158955,
            4519
          ],
          [
            -76.907699,
            -10.159597,
            4528
          ],
          [
            -76.907621,
            -10.160354,
            4520
          ],
          [
            -76.907457,
            -10.160535,
            4484
          ],
          [
            -76.907457,
            -10.160727,
            4484
          ],
          [
            -76.907372,
            -10.160829,
            4484
          ],
          [
            -76.907009,
            -10.161266,
            4484
          ],
          [
            -76.906439,
            -10.161561,
            4479
          ],
          [
            -76.905765,
            -10.16174,
            4503
          ],
          [
            -76.905361,
            -10.161786,
            4503
          ],
          [
            -76.90468,
            -10.161476,
            4465
          ],
          [
            -76.904025,
            -10.161825,
            4485
          ],
          [
            -76.903749,
            -10.161947,
            4485
          ],
          [
            -76.902911,
            -10.161894,
            4476
          ],
          [
            -76.902266,
            -10.162099,
            4464
          ],
          [
            -76.901708,
            -10.162321,
            4464
          ],
          [
            -76.900817,
            -10.162342,
            4431
          ],
          [
            -76.900442,
            -10.162416,
            4431
          ],
          [
            -76.899734,
            -10.162849,
            4444
          ],
          [
            -76.898398,
            -10.163254,
            4425
          ],
          [
            -76.897844,
            -10.163441,
            4452
          ],
          [
            -76.897441,
            -10.163372,
            4422
          ],
          [
            -76.896011,
            -10.163884,
            4393
          ],
          [
            -76.89515,
            -10.164017,
            4367
          ],
          [
            -76.894755,
            -10.164222,
            4370
          ],
          [
            -76.894058,
            -10.164824,
            4341
          ],
          [
            -76.893977,
            -10.164865,
            4341
          ],
          [
            -76.893071,
            -10.165331,
            4337
          ],
          [
            -76.891891,
            -10.166471,
            4324
          ],
          [
            -76.891247,
            -10.166788,
            4306
          ],
          [
            -76.890919,
            -10.166852,
            4306
          ],
          [
            -76.89052,
            -10.166971,
            4289
          ],
          [
            -76.889935,
            -10.167169,
            4273
          ],
          [
            -76.889771,
            -10.167322,
            4273
          ],
          [
            -76.889809,
            -10.167406,
            4273
          ],
          [
            -76.889916,
            -10.167488,
            4273
          ],
          [
            -76.889954,
            -10.167596,
            4275
          ],
          [
            -76.889731,
            -10.167755,
            4275
          ],
          [
            -76.888916,
            -10.168088,
            4257
          ],
          [
            -76.887827,
            -10.16832,
            4248
          ],
          [
            -76.887258,
            -10.168565,
            4259
          ],
          [
            -76.886989,
            -10.168615,
            4259
          ],
          [
            -76.88689,
            -10.168997,
            4259
          ],
          [
            -76.886999,
            -10.169475,
            4258
          ],
          [
            -76.887084,
            -10.170326,
            4248
          ],
          [
            -76.887078,
            -10.170954,
            4249
          ],
          [
            -76.887073,
            -10.171403,
            4249
          ],
          [
            -76.887245,
            -10.172195,
            4238
          ],
          [
            -76.88731,
            -10.172776,
            4226
          ],
          [
            -76.88761,
            -10.173462,
            4246
          ],
          [
            -76.887481,
            -10.174318,
            4218
          ],
          [
            -76.887513,
            -10.174624,
            4227
          ],
          [
            -76.887345,
            -10.174834,
            4218
          ],
          [
            -76.887262,
            -10.175094,
            4214
          ],
          [
            -76.887248,
            -10.175341,
            4214
          ],
          [
            -76.887289,
            -10.175991,
            4205
          ],
          [
            -76.887444,
            -10.176248,
            4205
          ],
          [
            -76.887457,
            -10.176451,
            4205
          ],
          [
            -76.8876,
            -10.17672,
            4215
          ],
          [
            -76.887667,
            -10.176757,
            4215
          ],
          [
            -76.887824,
            -10.176843,
            4215
          ],
          [
            -76.88784,
            -10.17688,
            4215
          ],
          [
            -76.887824,
            -10.176843,
            4215
          ],
          [
            -76.887667,
            -10.176757,
            4215
          ],
          [
            -76.887973,
            -10.176796,
            4215
          ],
          [
            -76.888232,
            -10.176878,
            4215
          ],
          [
            -76.88865,
            -10.17704,
            4218
          ],
          [
            -76.888911,
            -10.177074,
            4218
          ],
          [
            -76.889096,
            -10.177196,
            4218
          ],
          [
            -76.889197,
            -10.177304,
            4230
          ],
          [
            -76.889366,
            -10.177378,
            4230
          ],
          [
            -76.889885,
            -10.177857,
            4224
          ],
          [
            -76.890066,
            -10.17842,
            4243
          ],
          [
            -76.89046,
            -10.178855,
            4243
          ],
          [
            -76.890403,
            -10.179191,
            4232
          ],
          [
            -76.890582,
            -10.179948,
            4232
          ],
          [
            -76.89063,
            -10.180443,
            4230
          ]
        ],
        "type": "LineString"
      },
      "properties": {
        "_umap_options": {
          "route": {
            "profile": "foot-hiking",
            "preference": "recommended",
            "elevation": true,
            "coordinates": [
              [
                -76.923684,
                -10.155038
              ],
              [
                -76.922193,
                -10.15339
              ],
              [
                -76.919081,
                -10.149599
              ],
              [
                -76.912022,
                -10.156717
              ],
              [
                -76.90876,
                -10.157139
              ],
              [
                -76.907301,
                -10.160772
              ],
              [
                -76.893868,
                -10.164659
              ],
              [
                -76.887002,
                -10.170953
              ],
              [
                -76.887774,
                -10.176908
              ],
              [
                -76.890478,
                -10.180457
              ]
            ]
          },
          "opacity": 1,
          "weight": 9
        },
        "name": "Day 1"
      }
    },
    {
      "type": "Feature",
      "geometry": {
        "type": "Point",
        "coordinates": [
          -76.89065,
          -10.18071
        ]
      },
      "properties": {
        "_umap_options": {
          "iconUrl": "/uploads/pictogram/camping.svg"
        },
        "name": "Day 1 campsite"
      }
    },
    {
      "type": "Feature",
      "geometry": {
        "type": "LineString",
        "coordinates": [
          [
            -76.890454,
            -10.18073,
            4231.6
          ],
          [
            -76.890287,
            -10.180883,
            4233.8
          ],
          [
            -76.889885,
            -10.181005,
            4234.2
          ],
          [
            -76.889304,
            -10.180956,
            4236
          ],
          [
            -76.888503,
            -10.181382,
            4244.8
          ],
          [
            -76.887895,
            -10.181263,
            4250.2
          ],
          [
            -76.887418,
            -10.181219,
            4251.2
          ],
          [
            -76.887034,
            -10.181082,
            4257.3
          ],
          [
            -76.886061,
            -10.181182,
            4259.9
          ],
          [
            -76.885981,
            -10.181191,
            4262.4
          ],
          [
            -76.885885,
            -10.181044,
            4265
          ],
          [
            -76.88547,
            -10.181481,
            4287.6
          ],
          [
            -76.885265,
            -10.181521,
            4291.9
          ],
          [
            -76.885025,
            -10.181722,
            4292.9
          ],
          [
            -76.884363,
            -10.182188,
            4318.1
          ],
          [
            -76.884247,
            -10.182318,
            4323.3
          ],
          [
            -76.883613,
            -10.182487,
            4341.9
          ],
          [
            -76.883512,
            -10.182676,
            4341.5
          ],
          [
            -76.883283,
            -10.182853,
            4344.8
          ],
          [
            -76.882868,
            -10.18331,
            4363.5
          ],
          [
            -76.882505,
            -10.183841,
            4380.3
          ],
          [
            -76.882339,
            -10.183965,
            4387.5
          ],
          [
            -76.882381,
            -10.18417,
            4390.2
          ],
          [
            -76.882354,
            -10.184285,
            4389.9
          ],
          [
            -76.882169,
            -10.184654,
            4395
          ],
          [
            -76.881943,
            -10.185003,
            4400
          ],
          [
            -76.881273,
            -10.185652,
            4407.8
          ],
          [
            -76.881088,
            -10.185889,
            4417.4
          ],
          [
            -76.880802,
            -10.186559,
            4430
          ],
          [
            -76.880503,
            -10.186824,
            4438.6
          ],
          [
            -76.880301,
            -10.187184,
            4443.3
          ],
          [
            -76.880153,
            -10.187635,
            4454.6
          ],
          [
            -76.879772,
            -10.187902,
            4455.7
          ],
          [
            -76.879536,
            -10.188456,
            4462.7
          ],
          [
            -76.879326,
            -10.188694,
            4462.2
          ],
          [
            -76.879151,
            -10.189103,
            4466.5
          ],
          [
            -76.878681,
            -10.189816,
            4479.2
          ],
          [
            -76.878442,
            -10.190138,
            4484.2
          ],
          [
            -76.878072,
            -10.190511,
            4486.9
          ],
          [
            -76.877543,
            -10.191358,
            4499
          ],
          [
            -76.877157,
            -10.191713,
            4498.5
          ],
          [
            -76.87675,
            -10.191912,
            4499.3
          ],
          [
            -76.876416,
            -10.192376,
            4500.6
          ],
          [
            -76.876225,
            -10.192923,
            4503.5
          ],
          [
            -76.876183,
            -10.193459,
            4502
          ],
          [
            -76.876359,
            -10.195408,
            4520.3
          ],
          [
            -76.876453,
            -10.195842,
            4525.6
          ],
          [
            -76.8767,
            -10.196271,
            4528.5
          ],
          [
            -76.877029,
            -10.196612,
            4527
          ],
          [
            -76.877266,
            -10.198817,
            4547
          ],
          [
            -76.877173,
            -10.19902,
            4548.8
          ],
          [
            -76.876795,
            -10.199416,
            4548.1
          ],
          [
            -76.876649,
            -10.199622,
            4548.7
          ],
          [
            -76.876467,
            -10.199877,
            4549.3
          ],
          [
            -76.876505,
            -10.200377,
            4554.3
          ],
          [
            -76.87682,
            -10.201018,
            4560.9
          ],
          [
            -76.876989,
            -10.201467,
            4562.8
          ],
          [
            -76.87692,
            -10.201965,
            4565.4
          ],
          [
            -76.876633,
            -10.202876,
            4569.6
          ],
          [
            -76.876306,
            -10.203222,
            4575.9
          ],
          [
            -76.876093,
            -10.204022,
            4584.1
          ],
          [
            -76.875945,
            -10.205026,
            4594.3
          ],
          [
            -76.875635,
            -10.20555,
            4594.5
          ],
          [
            -76.87551,
            -10.206,
            4598.4
          ],
          [
            -76.875447,
            -10.206519,
            4600.4
          ],
          [
            -76.875349,
            -10.206959,
            4602.3
          ],
          [
            -76.875064,
            -10.207476,
            4607.3
          ],
          [
            -76.874914,
            -10.207984,
            4609.7
          ],
          [
            -76.873978,
            -10.209479,
            4621.4
          ],
          [
            -76.8736,
            -10.2105,
            4639.3
          ],
          [
            -76.87337,
            -10.211378,
            4632.3
          ],
          [
            -76.873403,
            -10.211427,
            4629.7
          ],
          [
            -76.87322,
            -10.212013,
            4617.8
          ],
          [
            -76.872936,
            -10.212378,
            4618.7
          ],
          [
            -76.872483,
            -10.213044,
            4600.6
          ],
          [
            -76.87209,
            -10.214395,
            4574.6
          ],
          [
            -76.871919,
            -10.215413,
            4565.9
          ],
          [
            -76.871969,
            -10.216651,
            4556.5
          ],
          [
            -76.87193,
            -10.217175,
            4552.8
          ],
          [
            -76.871964,
            -10.2178,
            4550.9
          ],
          [
            -76.871906,
            -10.218613,
            4550.5
          ],
          [
            -76.871961,
            -10.219086,
            4551.9
          ],
          [
            -76.871832,
            -10.21968,
            4553.1
          ],
          [
            -76.87173,
            -10.219953,
            4538.7
          ],
          [
            -76.871463,
            -10.221109,
            4495.9
          ],
          [
            -76.871515,
            -10.221682,
            4472
          ],
          [
            -76.871425,
            -10.222152,
            4467.3
          ],
          [
            -76.871481,
            -10.222618,
            4460.1
          ],
          [
            -76.871587,
            -10.222989,
            4458.4
          ],
          [
            -76.871564,
            -10.223376,
            4456
          ],
          [
            -76.871473,
            -10.224069,
            4451.1
          ],
          [
            -76.871546,
            -10.224772,
            4441.4
          ],
          [
            -76.871514,
            -10.225643,
            4430.5
          ],
          [
            -76.871519,
            -10.226401,
            4417.5
          ],
          [
            -76.871429,
            -10.227083,
            4402.5
          ],
          [
            -76.871186,
            -10.227867,
            4392.1
          ],
          [
            -76.870982,
            -10.228445,
            4388.8
          ],
          [
            -76.871016,
            -10.228819,
            4388
          ],
          [
            -76.871109,
            -10.229451,
            4384.3
          ],
          [
            -76.871126,
            -10.230173,
            4383
          ],
          [
            -76.871272,
            -10.230349,
            4383.9
          ],
          [
            -76.871908,
            -10.230499,
            4384.8
          ],
          [
            -76.87257,
            -10.231857,
            4408
          ],
          [
            -76.872503,
            -10.232278,
            4401.8
          ],
          [
            -76.872406,
            -10.232485,
            4394.4
          ],
          [
            -76.872172,
            -10.233597,
            4393.7
          ],
          [
            -76.871993,
            -10.233823,
            4393.8
          ],
          [
            -76.871963,
            -10.233961,
            4394.1
          ],
          [
            -76.871991,
            -10.234056,
            4393.3
          ],
          [
            -76.872021,
            -10.234395,
            4393.5
          ],
          [
            -76.871904,
            -10.234654,
            4393.1
          ],
          [
            -76.87175,
            -10.235342,
            4388
          ],
          [
            -76.871773,
            -10.236014,
            4368
          ],
          [
            -76.871709,
            -10.236635,
            4356.2
          ],
          [
            -76.871503,
            -10.237172,
            4338
          ],
          [
            -76.871484,
            -10.237775,
            4331.8
          ],
          [
            -76.871328,
            -10.238313,
            4328.2
          ],
          [
            -76.871059,
            -10.238899,
            4328
          ],
          [
            -76.870859,
            -10.239872,
            4306.7
          ],
          [
            -76.870693,
            -10.240905,
            4264.5
          ],
          [
            -76.870146,
            -10.241487,
            4252.1
          ],
          [
            -76.870072,
            -10.241463,
            4251.2
          ],
          [
            -76.869669,
            -10.241333,
            4250.3
          ],
          [
            -76.86897,
            -10.241185,
            4241.5
          ],
          [
            -76.868221,
            -10.24116,
            4231.8
          ],
          [
            -76.867841,
            -10.241055,
            4228
          ],
          [
            -76.867409,
            -10.241049,
            4225.2
          ],
          [
            -76.867017,
            -10.241128,
            4228.2
          ],
          [
            -76.866726,
            -10.240938,
            4228.7
          ],
          [
            -76.864694,
            -10.240611,
            4208.2
          ],
          [
            -76.863984,
            -10.240531,
            4198.5
          ],
          [
            -76.86351,
            -10.240695,
            4188.3
          ],
          [
            -76.863063,
            -10.240664,
            4181
          ],
          [
            -76.862578,
            -10.240851,
            4184.7
          ],
          [
            -76.861132,
            -10.240783,
            4172
          ],
          [
            -76.860121,
            -10.240847,
            4152.5
          ],
          [
            -76.85997,
            -10.240919,
            4152.5
          ]
        ]
      },
      "properties": {
        "_umap_options": {
          "route": {
            "profile": "foot-hiking",
            "preference": "recommended",
            "elevation": true,
            "coordinates": [
              [
                -76.8905,
                -10.180773
              ],
              [
                -76.886058,
                -10.181154
              ],
              [
                -76.878977,
                -10.189031
              ],
              [
                -76.876788,
                -10.199717
              ],
              [
                -76.87005,
                -10.241529
              ],
              [
                -76.859976,
                -10.240928
              ]
            ]
          },
          "opacity": 0.8,
          "color": "Blue",
          "weight": 9
        },
        "name": "Day 2"
      }
    },
    {
      "type": "Feature",
      "geometry": {
        "type": "Point",
        "coordinates": [
          -76.859987,
          -10.240938
        ]
      },
      "properties": {
        "_umap_options": {
          "iconUrl": "/uploads/pictogram/camping.svg"
        },
        "name": "Day 2 Campsite"
      }
    },
    {
      "type": "Feature",
      "geometry": {
        "type": "LineString",
        "coordinates": [
          [
            -76.859935,
            -10.240941,
            4152.5
          ],
          [
            -76.859853,
            -10.240991,
            4152.5
          ],
          [
            -76.859605,
            -10.241201,
            4150.2
          ],
          [
            -76.859558,
            -10.241338,
            4149.8
          ],
          [
            -76.859552,
            -10.24167,
            4149.2
          ],
          [
            -76.859482,
            -10.241912,
            4149.4
          ],
          [
            -76.859448,
            -10.242105,
            4149.3
          ],
          [
            -76.859422,
            -10.242501,
            4148.7
          ],
          [
            -76.859454,
            -10.242622,
            4148.7
          ],
          [
            -76.859402,
            -10.242867,
            4147
          ],
          [
            -76.859446,
            -10.242957,
            4147
          ],
          [
            -76.859461,
            -10.243033,
            4147
          ],
          [
            -76.859335,
            -10.243476,
            4164
          ],
          [
            -76.859877,
            -10.243782,
            4170.3
          ],
          [
            -76.860533,
            -10.244201,
            4161.8
          ],
          [
            -76.861025,
            -10.244693,
            4160
          ],
          [
            -76.861433,
            -10.24499,
            4167.4
          ],
          [
            -76.861868,
            -10.245266,
            4172.7
          ],
          [
            -76.862262,
            -10.24572,
            4173
          ],
          [
            -76.86311,
            -10.245758,
            4172.8
          ],
          [
            -76.86447,
            -10.246321,
            4171.3
          ],
          [
            -76.865147,
            -10.246425,
            4165.9
          ],
          [
            -76.865275,
            -10.24634,
            4165.8
          ],
          [
            -76.8657,
            -10.246294,
            4165.6
          ],
          [
            -76.865896,
            -10.246236,
            4164.5
          ],
          [
            -76.866047,
            -10.246416,
            4165.5
          ],
          [
            -76.86608,
            -10.246549,
            4166.5
          ],
          [
            -76.866282,
            -10.246734,
            4167.3
          ],
          [
            -76.866946,
            -10.246993,
            4162.9
          ],
          [
            -76.867249,
            -10.247301,
            4164.5
          ],
          [
            -76.868072,
            -10.247463,
            4165.7
          ],
          [
            -76.868204,
            -10.247608,
            4166.8
          ],
          [
            -76.868337,
            -10.247615,
            4165.1
          ],
          [
            -76.868411,
            -10.247759,
            4165.5
          ],
          [
            -76.868663,
            -10.247958,
            4166.3
          ],
          [
            -76.869139,
            -10.248215,
            4165.3
          ],
          [
            -76.86958,
            -10.248312,
            4165.2
          ],
          [
            -76.869956,
            -10.248125,
            4163.7
          ],
          [
            -76.870285,
            -10.248259,
            4152
          ],
          [
            -76.870448,
            -10.248463,
            4161.4
          ],
          [
            -76.870604,
            -10.248697,
            4161.9
          ],
          [
            -76.870668,
            -10.248794,
            4162.4
          ],
          [
            -76.870896,
            -10.249243,
            4163
          ],
          [
            -76.871158,
            -10.249503,
            4164.7
          ],
          [
            -76.871822,
            -10.249647,
            4163.3
          ],
          [
            -76.871932,
            -10.24988,
            4161.9
          ],
          [
            -76.871999,
            -10.250375,
            4163.3
          ],
          [
            -76.872388,
            -10.250803,
            4164.9
          ],
          [
            -76.872813,
            -10.251082,
            4173.4
          ],
          [
            -76.873171,
            -10.25168,
            4178.2
          ],
          [
            -76.873268,
            -10.251909,
            4182.5
          ],
          [
            -76.873517,
            -10.2522,
            4178.6
          ],
          [
            -76.873601,
            -10.252584,
            4181.1
          ],
          [
            -76.873705,
            -10.253331,
            4175.3
          ],
          [
            -76.873674,
            -10.254837,
            4233.6
          ],
          [
            -76.873799,
            -10.255463,
            4232.7
          ],
          [
            -76.87365,
            -10.256227,
            4238.6
          ],
          [
            -76.873729,
            -10.256487,
            4238.8
          ],
          [
            -76.873787,
            -10.256759,
            4239.1
          ],
          [
            -76.873784,
            -10.257732,
            4237.9
          ],
          [
            -76.873756,
            -10.258116,
            4236.5
          ],
          [
            -76.8739,
            -10.258373,
            4236.5
          ],
          [
            -76.873648,
            -10.259122,
            4237.5
          ],
          [
            -76.873689,
            -10.259313,
            4238.3
          ],
          [
            -76.873668,
            -10.259524,
            4241.6
          ],
          [
            -76.873586,
            -10.259765,
            4244.9
          ],
          [
            -76.873429,
            -10.260733,
            4255.5
          ],
          [
            -76.873372,
            -10.260832,
            4256.5
          ],
          [
            -76.873288,
            -10.260977,
            4257.5
          ],
          [
            -76.872912,
            -10.2623,
            4276.2
          ],
          [
            -76.872816,
            -10.26252,
            4273.3
          ],
          [
            -76.873128,
            -10.262617,
            4279
          ],
          [
            -76.872907,
            -10.263279,
            4279
          ],
          [
            -76.872735,
            -10.264097,
            4287.3
          ],
          [
            -76.872204,
            -10.266613,
            4295.5
          ],
          [
            -76.871874,
            -10.267443,
            4300.5
          ],
          [
            -76.871772,
            -10.268488,
            4299.1
          ],
          [
            -76.871421,
            -10.269709,
            4294
          ],
          [
            -76.87133,
            -10.26977,
            4294
          ],
          [
            -76.871254,
            -10.269763,
            4294
          ],
          [
            -76.871111,
            -10.269809,
            4295.7
          ],
          [
            -76.870648,
            -10.270723,
            4292.7
          ],
          [
            -76.870475,
            -10.271764,
            4285.6
          ],
          [
            -76.869704,
            -10.272834,
            4283.2
          ],
          [
            -76.868996,
            -10.273663,
            4282.4
          ],
          [
            -76.868432,
            -10.274476,
            4282.1
          ],
          [
            -76.868509,
            -10.275458,
            4282.1
          ],
          [
            -76.867196,
            -10.276556,
            4309
          ],
          [
            -76.866901,
            -10.277503,
            4320.7
          ],
          [
            -76.866102,
            -10.278411,
            4341.6
          ],
          [
            -76.865534,
            -10.279551,
            4362.5
          ],
          [
            -76.865464,
            -10.280444,
            4386.2
          ],
          [
            -76.86489,
            -10.281414,
            4418.1
          ],
          [
            -76.864964,
            -10.282381,
            4418.1
          ],
          [
            -76.864511,
            -10.284398,
            4514.3
          ],
          [
            -76.864591,
            -10.28479,
            4514.9
          ],
          [
            -76.864638,
            -10.285024,
            4515.6
          ],
          [
            -76.864217,
            -10.284935,
            4512
          ],
          [
            -76.864239,
            -10.28458,
            4529.4
          ],
          [
            -76.862916,
            -10.284384,
            4581.8
          ],
          [
            -76.861636,
            -10.284532,
            4612.9
          ],
          [
            -76.861281,
            -10.284401,
            4621
          ],
          [
            -76.860341,
            -10.284729,
            4626.2
          ],
          [
            -76.860095,
            -10.28541,
            4644.7
          ],
          [
            -76.858782,
            -10.285682,
            4670.2
          ],
          [
            -76.858377,
            -10.285817,
            4691
          ],
          [
            -76.857819,
            -10.286635,
            4719.6
          ],
          [
            -76.857557,
            -10.286702,
            4730.5
          ],
          [
            -76.857339,
            -10.286643,
            4731.1
          ],
          [
            -76.857255,
            -10.286709,
            4734.7
          ],
          [
            -76.857247,
            -10.286838,
            4735.3
          ],
          [
            -76.857101,
            -10.286813,
            4740.1
          ],
          [
            -76.856979,
            -10.286854,
            4743.7
          ],
          [
            -76.856953,
            -10.286913,
            4744.6
          ],
          [
            -76.856891,
            -10.286881,
            4750.7
          ],
          [
            -76.856858,
            -10.286954,
            4756
          ],
          [
            -76.85681,
            -10.28695,
            4760.9
          ],
          [
            -76.856795,
            -10.286975,
            4762.2
          ],
          [
            -76.856737,
            -10.286877,
            4763.5
          ],
          [
            -76.85661,
            -10.287048,
            4769.6
          ],
          [
            -76.856621,
            -10.287157,
            4769.9
          ],
          [
            -76.856558,
            -10.287218,
            4773.4
          ],
          [
            -76.856452,
            -10.287041,
            4774.3
          ],
          [
            -76.856379,
            -10.28703,
            4774.7
          ],
          [
            -76.856287,
            -10.28709,
            4778.1
          ],
          [
            -76.855959,
            -10.287306,
            4781.4
          ],
          [
            -76.855829,
            -10.287306,
            4782.2
          ],
          [
            -76.855784,
            -10.287452,
            4782.8
          ],
          [
            -76.855725,
            -10.287534,
            4784.9
          ],
          [
            -76.855676,
            -10.287453,
            4783.7
          ],
          [
            -76.855607,
            -10.287425,
            4784.2
          ],
          [
            -76.855566,
            -10.287464,
            4783.3
          ],
          [
            -76.855589,
            -10.287529,
            4782.4
          ],
          [
            -76.855541,
            -10.287605,
            4783.7
          ],
          [
            -76.855542,
            -10.287749,
            4783
          ],
          [
            -76.855402,
            -10.287902,
            4782.5
          ],
          [
            -76.854932,
            -10.287755,
            4782.5
          ],
          [
            -76.854928,
            -10.288383,
            4782.8
          ],
          [
            -76.852864,
            -10.28995,
            4722
          ],
          [
            -76.852338,
            -10.291163,
            4700
          ],
          [
            -76.851451,
            -10.292363,
            4691
          ],
          [
            -76.851055,
            -10.293883,
            4666
          ],
          [
            -76.850996,
            -10.295315,
            4639
          ],
          [
            -76.849898,
            -10.297299,
            4639
          ],
          [
            -76.849255,
            -10.298804,
            4597
          ],
          [
            -76.84948,
            -10.300174,
            4557
          ],
          [
            -76.849217,
            -10.300841,
            4552
          ],
          [
            -76.849531,
            -10.302969,
            4528
          ],
          [
            -76.849625,
            -10.304051,
            4517.7
          ],
          [
            -76.849614,
            -10.304842,
            4502.2
          ],
          [
            -76.849064,
            -10.305998,
            4484
          ],
          [
            -76.848523,
            -10.307868,
            4450.5
          ],
          [
            -76.848563,
            -10.30888,
            4451.9
          ],
          [
            -76.84897,
            -10.309596,
            4454.3
          ],
          [
            -76.848485,
            -10.310625,
            4463
          ],
          [
            -76.847159,
            -10.311581,
            4462
          ],
          [
            -76.846635,
            -10.312631,
            4462
          ],
          [
            -76.845637,
            -10.315194,
            4460
          ],
          [
            -76.844754,
            -10.317086,
            4454
          ],
          [
            -76.843312,
            -10.318691,
            4447
          ],
          [
            -76.84295,
            -10.319035,
            4447
          ],
          [
            -76.84275,
            -10.320243,
            4444
          ],
          [
            -76.842075,
            -10.321041,
            4438
          ],
          [
            -76.84178,
            -10.321604,
            4435
          ],
          [
            -76.841741,
            -10.321821,
            4433.5
          ],
          [
            -76.841714,
            -10.322328,
            4429
          ],
          [
            -76.841723,
            -10.322498,
            4425.1
          ],
          [
            -76.842054,
            -10.322905,
            4419.8
          ],
          [
            -76.842144,
            -10.32308,
            4417.1
          ],
          [
            -76.842182,
            -10.323239,
            4414.2
          ],
          [
            -76.84215,
            -10.32331,
            4413.5
          ],
          [
            -76.842243,
            -10.323537,
            4411
          ],
          [
            -76.842331,
            -10.323675,
            4408.9
          ],
          [
            -76.842616,
            -10.323756,
            4404.3
          ],
          [
            -76.842754,
            -10.323769,
            4404.1
          ],
          [
            -76.842873,
            -10.323878,
            4402.6
          ],
          [
            -76.842793,
            -10.324,
            4400.1
          ],
          [
            -76.842967,
            -10.324061,
            4398.9
          ],
          [
            -76.84292,
            -10.324122,
            4397.5
          ],
          [
            -76.842987,
            -10.324173,
            4396.1
          ],
          [
            -76.84313,
            -10.324441,
            4392.1
          ],
          [
            -76.843155,
            -10.324522,
            4391.3
          ],
          [
            -76.843198,
            -10.324569,
            4388.9
          ],
          [
            -76.843239,
            -10.324658,
            4388.5
          ],
          [
            -76.843233,
            -10.324819,
            4384.6
          ],
          [
            -76.843101,
            -10.324897,
            4383.4
          ],
          [
            -76.842964,
            -10.32493,
            4382.9
          ],
          [
            -76.843062,
            -10.32501,
            4382.4
          ],
          [
            -76.843049,
            -10.325145,
            4380.4
          ],
          [
            -76.842995,
            -10.325254,
            4379.7
          ],
          [
            -76.842905,
            -10.325337,
            4379
          ],
          [
            -76.842952,
            -10.325424,
            4377.5
          ],
          [
            -76.842981,
            -10.325568,
            4374.5
          ],
          [
            -76.843071,
            -10.325641,
            4373.6
          ],
          [
            -76.843167,
            -10.325687,
            4373.5
          ],
          [
            -76.843202,
            -10.325789,
            4371.8
          ],
          [
            -76.84316,
            -10.325901,
            4370.8
          ],
          [
            -76.843316,
            -10.326015,
            4369.8
          ],
          [
            -76.843397,
            -10.326054,
            4370.4
          ],
          [
            -76.843478,
            -10.326059,
            4370.6
          ],
          [
            -76.843461,
            -10.326174,
            4369
          ],
          [
            -76.843384,
            -10.326428,
            4364.8
          ],
          [
            -76.843266,
            -10.326618,
            4362.3
          ],
          [
            -76.843267,
            -10.3268,
            4360.8
          ],
          [
            -76.843339,
            -10.326914,
            4360.1
          ],
          [
            -76.843482,
            -10.327088,
            4358.9
          ],
          [
            -76.84359,
            -10.327507,
            4354.2
          ],
          [
            -76.843751,
            -10.327589,
            4354.7
          ],
          [
            -76.843685,
            -10.327762,
            4354.7
          ],
          [
            -76.843336,
            -10.328209,
            4344
          ],
          [
            -76.843297,
            -10.3282,
            4341.7
          ]
        ]
      },
      "properties": {
        "_umap_options": {
          "route": {
            "profile": "foot-hiking",
            "preference": "recommended",
            "elevation": true,
            "coordinates": [
              [
                -76.859987,
                -10.241023
              ],
              [
                -76.870651,
                -10.248666
              ],
              [
                -76.873441,
                -10.260871
              ],
              [
                -76.872754,
                -10.264101
              ],
              [
                -76.864471,
                -10.284814
              ],
              [
                -76.856232,
                -10.287009
              ],
              [
                -76.843293,
                -10.328219
              ]
            ]
          },
          "opacity": 0.8,
          "color": "Red",
          "weight": 4
        },
        "name": "Day 3"
      }
    },
    {
      "type": "Feature",
      "geometry": {
        "type": "Point",
        "coordinates": [
          -76.843143,
          -10.328261
        ]
      },
      "properties": {
        "_umap_options": {
          "iconUrl": "/uploads/pictogram/camping.svg"
        },
        "name": "Day 3 Campsite"
      }
    },
    {
      "type": "Feature",
      "geometry": {
        "type": "LineString",
        "coordinates": [
          [
            -76.843612,
            -10.328475
          ],
          [
            -76.844245,
            -10.329081
          ],
          [
            -76.844477,
            -10.329766
          ],
          [
            -76.844699,
            -10.330422
          ],
          [
            -76.844959,
            -10.330439
          ],
          [
            -76.845414,
            -10.331316
          ],
          [
            -76.845458,
            -10.331959
          ],
          [
            -76.845896,
            -10.333293
          ],
          [
            -76.846745,
            -10.334975
          ],
          [
            -76.846874,
            -10.335231
          ],
          [
            -76.847871,
            -10.337629
          ],
          [
            -76.84853,
            -10.338926
          ],
          [
            -76.848425,
            -10.339629
          ],
          [
            -76.848841,
            -10.340469
          ],
          [
            -76.849634,
            -10.340501
          ],
          [
            -76.849795,
            -10.341745
          ],
          [
            -76.84991,
            -10.342627
          ],
          [
            -76.849871,
            -10.343673
          ],
          [
            -76.850175,
            -10.344676
          ],
          [
            -76.85029,
            -10.345551
          ],
          [
            -76.85017,
            -10.347134
          ],
          [
            -76.850645,
            -10.34832
          ],
          [
            -76.851213,
            -10.348514
          ],
          [
            -76.851544,
            -10.349248
          ],
          [
            -76.851642,
            -10.349249
          ],
          [
            -76.853024,
            -10.349259
          ],
          [
            -76.85339,
            -10.349453
          ],
          [
            -76.854936,
            -10.349389
          ],
          [
            -76.855347,
            -10.349224
          ],
          [
            -76.856438,
            -10.349473
          ],
          [
            -76.857069,
            -10.349354
          ],
          [
            -76.85716,
            -10.349337
          ],
          [
            -76.857599,
            -10.349031
          ],
          [
            -76.858849,
            -10.349105
          ],
          [
            -76.859343,
            -10.348827
          ],
          [
            -76.860105,
            -10.348969
          ],
          [
            -76.860784,
            -10.3489
          ],
          [
            -76.86162,
            -10.349112
          ],
          [
            -76.862051,
            -10.348961
          ],
          [
            -76.862692,
            -10.349409
          ],
          [
            -76.863183,
            -10.349558
          ],
          [
            -76.863459,
            -10.349801
          ],
          [
            -76.863744,
            -10.349527
          ],
          [
            -76.86437,
            -10.349417
          ],
          [
            -76.864474,
            -10.349607
          ],
          [
            -76.86499,
            -10.349483
          ],
          [
            -76.865317,
            -10.349595
          ],
          [
            -76.86549,
            -10.349564
          ],
          [
            -76.865564,
            -10.349607
          ],
          [
            -76.866224,
            -10.349991
          ],
          [
            -76.867125,
            -10.350354
          ],
          [
            -76.867685,
            -10.350409
          ],
          [
            -76.868582,
            -10.350023
          ],
          [
            -76.868694,
            -10.349941
          ],
          [
            -76.869315,
            -10.349712
          ],
          [
            -76.870385,
            -10.349576
          ],
          [
            -76.870824,
            -10.349685
          ],
          [
            -76.871655,
            -10.349341
          ],
          [
            -76.871864,
            -10.349037
          ],
          [
            -76.871932,
            -10.348584
          ],
          [
            -76.87204,
            -10.348263
          ],
          [
            -76.872443,
            -10.348177
          ],
          [
            -76.872558,
            -10.34793
          ],
          [
            -76.873306,
            -10.347663
          ],
          [
            -76.873488,
            -10.347353
          ],
          [
            -76.873964,
            -10.347663
          ],
          [
            -76.873929,
            -10.347641
          ],
          [
            -76.874112,
            -10.347562
          ],
          [
            -76.874592,
            -10.347153
          ],
          [
            -76.874919,
            -10.346492
          ],
          [
            -76.875048,
            -10.346298
          ],
          [
            -76.875257,
            -10.345668
          ],
          [
            -76.875301,
            -10.345452
          ],
          [
            -76.875418,
            -10.344868
          ],
          [
            -76.875436,
            -10.344425
          ],
          [
            -76.875333,
            -10.343955
          ],
          [
            -76.875436,
            -10.344425
          ],
          [
            -76.875418,
            -10.344868
          ],
          [
            -76.875257,
            -10.345668
          ],
          [
            -76.875048,
            -10.346298
          ],
          [
            -76.874919,
            -10.346492
          ],
          [
            -76.874592,
            -10.347153
          ],
          [
            -76.874112,
            -10.347562
          ],
          [
            -76.873929,
            -10.347641
          ],
          [
            -76.874147,
            -10.347778
          ],
          [
            -76.874297,
            -10.347902
          ],
          [
            -76.874354,
            -10.348117
          ],
          [
            -76.874635,
            -10.349194
          ],
          [
            -76.874912,
            -10.349303
          ],
          [
            -76.875505,
            -10.349205
          ],
          [
            -76.875688,
            -10.34927
          ],
          [
            -76.875522,
            -10.349755
          ],
          [
            -76.875123,
            -10.350349
          ],
          [
            -76.875018,
            -10.351434
          ],
          [
            -76.874977,
            -10.352879
          ],
          [
            -76.874754,
            -10.353211
          ],
          [
            -76.874913,
            -10.354019
          ],
          [
            -76.875251,
            -10.354631
          ],
          [
            -76.875388,
            -10.355696
          ],
          [
            -76.8755,
            -10.35622
          ],
          [
            -76.875352,
            -10.356642
          ],
          [
            -76.875639,
            -10.356668
          ],
          [
            -76.875476,
            -10.357188
          ],
          [
            -76.87585,
            -10.357547
          ],
          [
            -76.875671,
            -10.358307
          ],
          [
            -76.876094,
            -10.358995
          ],
          [
            -76.876265,
            -10.359299
          ],
          [
            -76.876379,
            -10.360331
          ],
          [
            -76.876728,
            -10.361155
          ],
          [
            -76.877013,
            -10.361467
          ],
          [
            -76.876964,
            -10.361707
          ],
          [
            -76.877427,
            -10.362322
          ],
          [
            -76.877675,
            -10.362599
          ],
          [
            -76.877505,
            -10.36289
          ],
          [
            -76.877631,
            -10.363074
          ],
          [
            -76.877442,
            -10.363429
          ],
          [
            -76.877793,
            -10.364098
          ],
          [
            -76.878265,
            -10.364522
          ],
          [
            -76.878639,
            -10.364774
          ],
          [
            -76.878468,
            -10.365138
          ],
          [
            -76.878532,
            -10.365355
          ],
          [
            -76.878429,
            -10.365948
          ],
          [
            -76.878491,
            -10.365994
          ],
          [
            -76.878696,
            -10.366146
          ],
          [
            -76.878964,
            -10.365754
          ],
          [
            -76.879647,
            -10.365517
          ],
          [
            -76.880151,
            -10.365106
          ],
          [
            -76.880361,
            -10.365123
          ],
          [
            -76.880377,
            -10.365111
          ],
          [
            -76.880361,
            -10.365123
          ],
          [
            -76.880452,
            -10.36513
          ],
          [
            -76.881078,
            -10.365522
          ],
          [
            -76.881477,
            -10.366338
          ],
          [
            -76.881354,
            -10.366712
          ],
          [
            -76.881364,
            -10.366975
          ],
          [
            -76.88137,
            -10.367132
          ],
          [
            -76.881615,
            -10.367657
          ],
          [
            -76.881875,
            -10.368593
          ],
          [
            -76.882127,
            -10.368833
          ],
          [
            -76.88255,
            -10.368881
          ],
          [
            -76.882925,
            -10.368897
          ],
          [
            -76.883566,
            -10.369201
          ],
          [
            -76.884209,
            -10.369465
          ],
          [
            -76.884778,
            -10.369913
          ],
          [
            -76.885228,
            -10.370423
          ],
          [
            -76.886161,
            -10.371201
          ],
          [
            -76.886615,
            -10.371504
          ],
          [
            -76.887136,
            -10.371592
          ],
          [
            -76.88775,
            -10.372006
          ],
          [
            -76.888055,
            -10.372681
          ],
          [
            -76.888502,
            -10.372996
          ],
          [
            -76.888591,
            -10.373224
          ],
          [
            -76.889055,
            -10.374224
          ],
          [
            -76.889112,
            -10.375471
          ],
          [
            -76.889288,
            -10.375614
          ],
          [
            -76.889339,
            -10.375655
          ],
          [
            -76.889623,
            -10.375046
          ],
          [
            -76.890958,
            -10.374646
          ],
          [
            -76.891518,
            -10.374536
          ],
          [
            -76.891733,
            -10.374534
          ],
          [
            -76.893256,
            -10.375699
          ],
          [
            -76.893325,
            -10.375618
          ],
          [
            -76.893281,
            -10.375669
          ]
        ]
      },
      "properties": {
        "_umap_options": {
          "route": {
            "profile": "foot-hiking",
            "preference": "recommended",
            "elevation": false,
            "coordinates": [
              [
                -76.843615,
                -10.328472
              ],
              [
                -76.844559,
                -10.329739
              ],
              [
                -76.846576,
                -10.335058
              ],
              [
                -76.849923,
                -10.341729
              ],
              [
                -76.85164,
                -10.349455
              ],
              [
                -76.857047,
                -10.349244
              ],
              [
                -76.86563,
                -10.349497
              ],
              [
                -76.87387,
                -10.347808
              ],
              [
                -76.875329,
                -10.343956
              ],
              [
                -76.874321,
                -10.348125
              ],
              [
                -76.878548,
                -10.365919
              ],
              [
                -76.88035,
                -10.365075
              ],
              [
                -76.88138,
                -10.366974
              ],
              [
                -76.889277,
                -10.375628
              ],
              [
                -76.893311,
                -10.375607
              ],
              [
                -76.893257,
                -10.375649
              ]
            ]
          },
          "opacity": 0.8,
          "color": "DarkViolet",
          "weight": 4
        },
        "name": "Day 4"
      }
    },
    {
      "type": "Feature",
      "geometry": {
        "type": "Point",
        "coordinates": [
          -76.893482,
          -10.375523
        ]
      },
      "properties": {
        "_umap_options": {
          "iconUrl": "/uploads/pictogram/camping.svg"
        },
        "name": "Day 4 campsite"
      }
    },
    {
      "type": "Feature",
      "geometry": {
        "type": "LineString",
        "coordinates": [
          [
            -76.893362,
            -10.375574
          ],
          [
            -76.893442,
            -10.37548
          ],
          [
            -76.893492,
            -10.375094
          ],
          [
            -76.893746,
            -10.374232
          ],
          [
            -76.8942,
            -10.372688
          ],
          [
            -76.894393,
            -10.37264
          ],
          [
            -76.894608,
            -10.372345
          ],
          [
            -76.894828,
            -10.371938
          ],
          [
            -76.894992,
            -10.371698
          ],
          [
            -76.895589,
            -10.370888
          ],
          [
            -76.895927,
            -10.370208
          ],
          [
            -76.896137,
            -10.369617
          ],
          [
            -76.896308,
            -10.369374
          ],
          [
            -76.896378,
            -10.369226
          ],
          [
            -76.896561,
            -10.368614
          ],
          [
            -76.896568,
            -10.368624
          ],
          [
            -76.896561,
            -10.368614
          ],
          [
            -76.896652,
            -10.36749
          ],
          [
            -76.896625,
            -10.366983
          ],
          [
            -76.896738,
            -10.366524
          ],
          [
            -76.896754,
            -10.36615
          ],
          [
            -76.896695,
            -10.36578
          ],
          [
            -76.896872,
            -10.365052
          ],
          [
            -76.897172,
            -10.364577
          ],
          [
            -76.897574,
            -10.363765
          ],
          [
            -76.897746,
            -10.363279
          ],
          [
            -76.897655,
            -10.362959
          ],
          [
            -76.897864,
            -10.362767
          ],
          [
            -76.89786,
            -10.361345
          ],
          [
            -76.897882,
            -10.360961
          ],
          [
            -76.898089,
            -10.360245
          ],
          [
            -76.897959,
            -10.359647
          ],
          [
            -76.897989,
            -10.35918
          ],
          [
            -76.898225,
            -10.358713
          ],
          [
            -76.898407,
            -10.357988
          ],
          [
            -76.898432,
            -10.356647
          ],
          [
            -76.898443,
            -10.356641
          ],
          [
            -76.898766,
            -10.356452
          ],
          [
            -76.898432,
            -10.356647
          ],
          [
            -76.898503,
            -10.356386
          ],
          [
            -76.898614,
            -10.356193
          ],
          [
            -76.898858,
            -10.35577
          ],
          [
            -76.899222,
            -10.354383
          ],
          [
            -76.899829,
            -10.353069
          ],
          [
            -76.900268,
            -10.352527
          ],
          [
            -76.901473,
            -10.351186
          ],
          [
            -76.90237,
            -10.351204
          ],
          [
            -76.9028,
            -10.351278
          ],
          [
            -76.903444,
            -10.350699
          ],
          [
            -76.904565,
            -10.349082
          ],
          [
            -76.905433,
            -10.348154
          ],
          [
            -76.905956,
            -10.347768
          ],
          [
            -76.906931,
            -10.346256
          ],
          [
            -76.90695,
            -10.346226
          ],
          [
            -76.905209,
            -10.345875
          ],
          [
            -76.902314,
            -10.343872
          ],
          [
            -76.901562,
            -10.343659
          ],
          [
            -76.901578,
            -10.343629
          ]
        ]
      },
      "properties": {
        "_umap_options": {
          "route": {
            "profile": "foot-hiking",
            "preference": "recommended",
            "elevation": false,
            "coordinates": [
              [
                -76.89337,
                -10.375581
              ],
              [
                -76.89374,
                -10.37423
              ],
              [
                -76.894984,
                -10.371692
              ],
              [
                -76.896572,
                -10.368621
              ],
              [
                -76.89845,
                -10.356653
              ],
              [
                -76.898766,
                -10.356452
              ],
              [
                -76.898605,
                -10.356188
              ],
              [
                -76.906915,
                -10.346246
              ],
              [
                -76.901566,
                -10.343623
              ]
            ]
          },
          "opacity": 0.8,
          "weight": 4
        },
        "name": "Day 5"
      }
    },
    {
      "type": "Feature",
      "geometry": {
        "type": "Point",
        "coordinates": [
          -76.901722,
          -10.343629
        ]
      },
      "properties": {
        "_umap_options": {
          "iconUrl": "/uploads/pictogram/camping.svg"
        },
        "name": "Day 5 Campsite"
      }
    },
    {
      "type": "Feature",
      "geometry": {
        "type": "LineString",
        "coordinates": [
          [
            -76.901551,
            -10.343655
          ],
          [
            -76.902314,
            -10.343872
          ],
          [
            -76.905209,
            -10.345875
          ],
          [
            -76.90695,
            -10.346226
          ],
          [
            -76.907252,
            -10.346206
          ],
          [
            -76.907737,
            -10.346243
          ],
          [
            -76.908665,
            -10.346379
          ],
          [
            -76.909188,
            -10.34683
          ],
          [
            -76.909393,
            -10.34693
          ],
          [
            -76.910131,
            -10.34729
          ],
          [
            -76.910699,
            -10.347619
          ],
          [
            -76.910882,
            -10.34783
          ],
          [
            -76.911033,
            -10.347762
          ],
          [
            -76.911271,
            -10.347915
          ],
          [
            -76.911644,
            -10.348189
          ],
          [
            -76.912466,
            -10.348558
          ],
          [
            -76.912846,
            -10.348542
          ],
          [
            -76.913035,
            -10.348864
          ],
          [
            -76.913699,
            -10.349293
          ],
          [
            -76.914029,
            -10.349329
          ],
          [
            -76.914225,
            -10.349638
          ],
          [
            -76.914474,
            -10.349582
          ],
          [
            -76.916613,
            -10.35035
          ],
          [
            -76.91828,
            -10.350965
          ],
          [
            -76.920029,
            -10.352035
          ],
          [
            -76.920576,
            -10.35279
          ],
          [
            -76.922523,
            -10.353424
          ],
          [
            -76.923214,
            -10.353625
          ],
          [
            -76.925105,
            -10.353339
          ],
          [
            -76.926248,
            -10.353392
          ],
          [
            -76.927787,
            -10.353577
          ],
          [
            -76.928993,
            -10.353883
          ],
          [
            -76.930002,
            -10.35365
          ],
          [
            -76.930783,
            -10.353764
          ],
          [
            -76.931412,
            -10.353952
          ],
          [
            -76.932292,
            -10.354113
          ],
          [
            -76.933255,
            -10.354167
          ],
          [
            -76.935079,
            -10.354852
          ],
          [
            -76.936274,
            -10.354999
          ],
          [
            -76.937003,
            -10.354916
          ],
          [
            -76.937895,
            -10.35495
          ],
          [
            -76.938383,
            -10.355006
          ],
          [
            -76.938729,
            -10.355106
          ],
          [
            -76.939883,
            -10.355186
          ],
          [
            -76.940457,
            -10.355194
          ],
          [
            -76.94168,
            -10.35551
          ],
          [
            -76.941798,
            -10.355602
          ],
          [
            -76.942168,
            -10.35571
          ],
          [
            -76.94229,
            -10.355686
          ],
          [
            -76.942603,
            -10.355726
          ],
          [
            -76.943278,
            -10.355734
          ],
          [
            -76.943587,
            -10.355666
          ],
          [
            -76.94427,
            -10.355598
          ],
          [
            -76.94523,
            -10.355598
          ],
          [
            -76.946213,
            -10.355686
          ],
          [
            -76.947218,
            -10.355858
          ],
          [
            -76.94812,
            -10.356078
          ],
          [
            -76.948494,
            -10.35623
          ],
          [
            -76.948775,
            -10.356274
          ],
          [
            -76.948937,
            -10.356182
          ],
          [
            -76.948986,
            -10.356114
          ],
          [
            -76.949067,
            -10.356106
          ],
          [
            -76.949055,
            -10.35605
          ],
          [
            -76.949124,
            -10.356006
          ],
          [
            -76.94925,
            -10.35597
          ],
          [
            -76.949551,
            -10.355842
          ],
          [
            -76.949983,
            -10.355757
          ],
          [
            -76.950131,
            -10.35567
          ],
          [
            -76.950401,
            -10.355661
          ],
          [
            -76.950767,
            -10.355673
          ],
          [
            -76.95097,
            -10.355724
          ],
          [
            -76.951245,
            -10.355718
          ],
          [
            -76.951559,
            -10.355785
          ],
          [
            -76.951868,
            -10.355782
          ],
          [
            -76.952235,
            -10.355815
          ],
          [
            -76.952608,
            -10.355785
          ],
          [
            -76.953209,
            -10.3559
          ],
          [
            -76.953684,
            -10.355924
          ],
          [
            -76.954032,
            -10.355873
          ],
          [
            -76.954267,
            -10.355876
          ],
          [
            -76.954526,
            -10.356018
          ],
          [
            -76.95484,
            -10.356085
          ],
          [
            -76.955241,
            -10.35607
          ],
          [
            -76.955361,
            -10.356097
          ],
          [
            -76.955682,
            -10.356237
          ],
          [
            -76.956009,
            -10.356319
          ],
          [
            -76.956351,
            -10.356355
          ],
          [
            -76.956567,
            -10.356352
          ],
          [
            -76.956931,
            -10.35648
          ],
          [
            -76.957005,
            -10.356476
          ],
          [
            -76.957357,
            -10.356827
          ],
          [
            -76.957665,
            -10.357147
          ],
          [
            -76.95768,
            -10.357493
          ],
          [
            -76.957825,
            -10.357957
          ],
          [
            -76.957951,
            -10.358075
          ],
          [
            -76.958059,
            -10.358336
          ],
          [
            -76.958201,
            -10.358481
          ],
          [
            -76.958354,
            -10.358572
          ],
          [
            -76.958657,
            -10.358668
          ],
          [
            -76.959285,
            -10.358736
          ],
          [
            -76.959929,
            -10.358601
          ],
          [
            -76.96051,
            -10.35853
          ],
          [
            -76.960871,
            -10.358576
          ],
          [
            -76.961319,
            -10.358893
          ],
          [
            -76.961303,
            -10.359034
          ],
          [
            -76.961341,
            -10.359068
          ],
          [
            -76.961477,
            -10.359058
          ],
          [
            -76.96144,
            -10.359478
          ],
          [
            -76.961538,
            -10.359435
          ],
          [
            -76.961587,
            -10.359363
          ],
          [
            -76.961617,
            -10.359359
          ],
          [
            -76.961661,
            -10.359384
          ],
          [
            -76.961841,
            -10.359328
          ],
          [
            -76.962426,
            -10.359421
          ],
          [
            -76.962638,
            -10.35927
          ],
          [
            -76.962986,
            -10.35922
          ],
          [
            -76.964147,
            -10.359051
          ],
          [
            -76.964988,
            -10.359021
          ],
          [
            -76.965715,
            -10.358908
          ],
          [
            -76.966217,
            -10.358774
          ],
          [
            -76.966299,
            -10.358603
          ],
          [
            -76.966868,
            -10.358262
          ],
          [
            -76.968047,
            -10.357786
          ],
          [
            -76.968738,
            -10.357666
          ],
          [
            -76.969244,
            -10.357441
          ],
          [
            -76.970485,
            -10.357415
          ],
          [
            -76.970588,
            -10.357293
          ],
          [
            -76.971362,
            -10.357399
          ],
          [
            -76.97189,
            -10.357343
          ],
          [
            -76.971966,
            -10.357262
          ],
          [
            -76.972792,
            -10.357294
          ],
          [
            -76.973032,
            -10.35717
          ],
          [
            -76.973089,
            -10.357046
          ],
          [
            -76.973324,
            -10.357046
          ],
          [
            -76.973498,
            -10.357186
          ],
          [
            -76.973697,
            -10.3572
          ],
          [
            -76.973808,
            -10.357254
          ],
          [
            -76.973929,
            -10.357258
          ],
          [
            -76.974177,
            -10.357109
          ],
          [
            -76.974367,
            -10.357193
          ],
          [
            -76.97458,
            -10.357179
          ],
          [
            -76.975402,
            -10.357245
          ],
          [
            -76.975823,
            -10.357425
          ],
          [
            -76.976078,
            -10.357438
          ],
          [
            -76.976428,
            -10.357764
          ],
          [
            -76.976909,
            -10.358016
          ],
          [
            -76.976974,
            -10.35799
          ],
          [
            -76.977228,
            -10.358084
          ],
          [
            -76.977413,
            -10.358069
          ],
          [
            -76.97751,
            -10.358187
          ],
          [
            -76.977794,
            -10.358209
          ],
          [
            -76.977886,
            -10.358103
          ],
          [
            -76.978,
            -10.358046
          ],
          [
            -76.978234,
            -10.358082
          ],
          [
            -76.978381,
            -10.35818
          ],
          [
            -76.978809,
            -10.358115
          ],
          [
            -76.980121,
            -10.357677
          ],
          [
            -76.981612,
            -10.357216
          ],
          [
            -76.982322,
            -10.357051
          ],
          [
            -76.982846,
            -10.357004
          ],
          [
            -76.983322,
            -10.357005
          ],
          [
            -76.984635,
            -10.357532
          ],
          [
            -76.985099,
            -10.357591
          ],
          [
            -76.985653,
            -10.357661
          ],
          [
            -76.987041,
            -10.357704
          ],
          [
            -76.987363,
            -10.357651
          ],
          [
            -76.988319,
            -10.357793
          ],
          [
            -76.988845,
            -10.35792
          ],
          [
            -76.98955,
            -10.357885
          ],
          [
            -76.989723,
            -10.3578
          ],
          [
            -76.98995,
            -10.357648
          ],
          [
            -76.990502,
            -10.357684
          ],
          [
            -76.991153,
            -10.357568
          ],
          [
            -76.991833,
            -10.357578
          ],
          [
            -76.992015,
            -10.357654
          ],
          [
            -76.992631,
            -10.357586
          ],
          [
            -76.992874,
            -10.35749
          ],
          [
            -76.993306,
            -10.357476
          ],
          [
            -76.994249,
            -10.357584
          ],
          [
            -76.994861,
            -10.357497
          ],
          [
            -76.995057,
            -10.357581
          ],
          [
            -76.995197,
            -10.357507
          ],
          [
            -76.995673,
            -10.357434
          ],
          [
            -76.995953,
            -10.357506
          ],
          [
            -76.996706,
            -10.357283
          ],
          [
            -76.996943,
            -10.357099
          ],
          [
            -76.997296,
            -10.356945
          ],
          [
            -76.997463,
            -10.356931
          ],
          [
            -76.997434,
            -10.356929
          ],
          [
            -76.997474,
            -10.356824
          ],
          [
            -76.997241,
            -10.356745
          ],
          [
            -76.997622,
            -10.356497
          ],
          [
            -76.998514,
            -10.355403
          ],
          [
            -76.998753,
            -10.35531
          ],
          [
            -76.998956,
            -10.355034
          ],
          [
            -76.999189,
            -10.354852
          ],
          [
            -76.999458,
            -10.354057
          ],
          [
            -76.999387,
            -10.353616
          ],
          [
            -76.999415,
            -10.353458
          ],
          [
            -76.999444,
            -10.353289
          ],
          [
            -76.999417,
            -10.352764
          ],
          [
            -76.999327,
            -10.351811
          ],
          [
            -76.999452,
            -10.351298
          ],
          [
            -76.999577,
            -10.35137
          ],
          [
            -76.999727,
            -10.351346
          ],
          [
            -76.999751,
            -10.351131
          ],
          [
            -76.999842,
            -10.351183
          ],
          [
            -76.999901,
            -10.351048
          ],
          [
            -77.000048,
            -10.350413
          ],
          [
            -77.000243,
            -10.349945
          ],
          [
            -77.000434,
            -10.349805
          ],
          [
            -77.000626,
            -10.349302
          ],
          [
            -77.000897,
            -10.349136
          ],
          [
            -77.001191,
            -10.348341
          ],
          [
            -77.001277,
            -10.348057
          ],
          [
            -77.001139,
            -10.347717
          ],
          [
            -77.001379,
            -10.34657
          ],
          [
            -77.00164,
            -10.346861
          ],
          [
            -77.001623,
            -10.346489
          ],
          [
            -77.001564,
            -10.345898
          ],
          [
            -77.001848,
            -10.345105
          ],
          [
            -77.001798,
            -10.344942
          ],
          [
            -77.001887,
            -10.344364
          ],
          [
            -77.002094,
            -10.344265
          ],
          [
            -77.002398,
            -10.343523
          ],
          [
            -77.002307,
            -10.342746
          ],
          [
            -77.00246,
            -10.342798
          ],
          [
            -77.002365,
            -10.342201
          ],
          [
            -77.00225,
            -10.340935
          ],
          [
            -77.002411,
            -10.340816
          ],
          [
            -77.002371,
            -10.34051
          ],
          [
            -77.002427,
            -10.340027
          ],
          [
            -77.002323,
            -10.339703
          ],
          [
            -77.002373,
            -10.339488
          ],
          [
            -77.00219,
            -10.339045
          ],
          [
            -77.0022,
            -10.33857
          ],
          [
            -77.002283,
            -10.33852
          ],
          [
            -77.002404,
            -10.33817
          ],
          [
            -77.002341,
            -10.337985
          ],
          [
            -77.002024,
            -10.337698
          ],
          [
            -77.001908,
            -10.337304
          ],
          [
            -77.001416,
            -10.336137
          ],
          [
            -77.001423,
            -10.336023
          ],
          [
            -77.001602,
            -10.335921
          ],
          [
            -77.001559,
            -10.3354
          ],
          [
            -77.001682,
            -10.33529
          ],
          [
            -77.001737,
            -10.334972
          ],
          [
            -77.001737,
            -10.334656
          ],
          [
            -77.001765,
            -10.334494
          ],
          [
            -77.001566,
            -10.334475
          ],
          [
            -77.001372,
            -10.334882
          ],
          [
            -77.001124,
            -10.334879
          ],
          [
            -77.00094,
            -10.33472
          ],
          [
            -77.000518,
            -10.334708
          ],
          [
            -77.000351,
            -10.33464
          ],
          [
            -77.000297,
            -10.334387
          ],
          [
            -76.999967,
            -10.334247
          ],
          [
            -76.999827,
            -10.334335
          ],
          [
            -76.998933,
            -10.334143
          ],
          [
            -76.998779,
            -10.334351
          ],
          [
            -76.99848,
            -10.334193
          ],
          [
            -76.998244,
            -10.334153
          ],
          [
            -76.997973,
            -10.333812
          ],
          [
            -76.997795,
            -10.333529
          ],
          [
            -76.997753,
            -10.333181
          ],
          [
            -76.997137,
            -10.332936
          ],
          [
            -76.997252,
            -10.332769
          ],
          [
            -76.997085,
            -10.332629
          ],
          [
            -76.996701,
            -10.3324
          ],
          [
            -76.996667,
            -10.332131
          ],
          [
            -76.996421,
            -10.331666
          ],
          [
            -76.996144,
            -10.329963
          ],
          [
            -76.995935,
            -10.32931
          ],
          [
            -76.995915,
            -10.328429
          ],
          [
            -76.996018,
            -10.328167
          ],
          [
            -76.995995,
            -10.327933
          ],
          [
            -76.995948,
            -10.327699
          ],
          [
            -76.995814,
            -10.327293
          ],
          [
            -76.995706,
            -10.327224
          ],
          [
            -76.995658,
            -10.327077
          ],
          [
            -76.995572,
            -10.327074
          ],
          [
            -76.99531,
            -10.326631
          ],
          [
            -76.995385,
            -10.326515
          ],
          [
            -76.995363,
            -10.32639
          ],
          [
            -76.995202,
            -10.326195
          ],
          [
            -76.995138,
            -10.32609
          ],
          [
            -76.995025,
            -10.325765
          ],
          [
            -76.99495,
            -10.32576
          ],
          [
            -76.994907,
            -10.325798
          ]
        ]
      },
      "properties": {
        "_umap_options": {
          "route": {
            "profile": "foot-hiking",
            "preference": "recommended",
            "elevation": false,
            "coordinates": [
              [
                -76.90154,
                -10.343682
              ],
              [
                -76.909382,
                -10.346953
              ],
              [
                -76.957319,
                -10.356864
              ],
              [
                -76.962984,
                -10.359207
              ],
              [
                -76.985106,
                -10.357539
              ],
              [
                -76.997445,
                -10.357159
              ],
              [
                -76.999333,
                -10.353444
              ],
              [
                -76.994891,
                -10.325781
              ]
            ]
          },
          "color": "Blue",
          "opacity": 0.8,
          "dashArray": "5,10,5,10"
        },
        "name": "Day 6"
      }
    },
    {
      "type": "Feature",
      "geometry": {
        "type": "Point",
        "coordinates": [
          -76.99502,
          -10.325939
        ]
      },
      "properties": {
        "_umap_options": {
          "iconUrl": "/uploads/pictogram/camping.svg"
        },
        "name": "Day 6 Campsite"
      }
    },
    {
      "type": "Feature",
      "geometry": {
        "type": "LineString",
        "coordinates": [
          [
            -76.995112,
            -10.326014
          ],
          [
            -76.995138,
            -10.32609
          ],
          [
            -76.995202,
            -10.326195
          ],
          [
            -76.995363,
            -10.32639
          ],
          [
            -76.995385,
            -10.326515
          ],
          [
            -76.99531,
            -10.326631
          ],
          [
            -76.995572,
            -10.327074
          ],
          [
            -76.995658,
            -10.327077
          ],
          [
            -76.995706,
            -10.327224
          ],
          [
            -76.995814,
            -10.327293
          ],
          [
            -76.995948,
            -10.327699
          ],
          [
            -76.995995,
            -10.327933
          ],
          [
            -76.996065,
            -10.327499
          ],
          [
            -76.996018,
            -10.327244
          ],
          [
            -76.99585,
            -10.327034
          ],
          [
            -76.995867,
            -10.326718
          ],
          [
            -76.99576,
            -10.326414
          ],
          [
            -76.996,
            -10.326261
          ],
          [
            -76.996003,
            -10.326046
          ],
          [
            -76.996005,
            -10.325916
          ],
          [
            -76.995729,
            -10.325485
          ],
          [
            -76.995583,
            -10.324976
          ],
          [
            -76.995502,
            -10.324541
          ],
          [
            -76.995225,
            -10.324372
          ],
          [
            -76.995155,
            -10.324208
          ],
          [
            -76.994699,
            -10.323496
          ],
          [
            -76.994669,
            -10.323297
          ],
          [
            -76.99459,
            -10.323094
          ],
          [
            -76.994556,
            -10.323006
          ],
          [
            -76.994424,
            -10.322815
          ],
          [
            -76.99424,
            -10.322069
          ],
          [
            -76.994126,
            -10.321432
          ],
          [
            -76.994104,
            -10.320821
          ],
          [
            -76.994159,
            -10.320326
          ],
          [
            -76.994197,
            -10.319992
          ],
          [
            -76.99438,
            -10.31965
          ],
          [
            -76.994505,
            -10.31956
          ],
          [
            -76.994639,
            -10.319135
          ],
          [
            -76.994639,
            -10.318327
          ],
          [
            -76.994588,
            -10.318254
          ],
          [
            -76.99455,
            -10.318058
          ],
          [
            -76.994569,
            -10.317958
          ],
          [
            -76.994697,
            -10.317777
          ],
          [
            -76.994799,
            -10.317532
          ],
          [
            -76.994851,
            -10.31751
          ],
          [
            -76.994873,
            -10.317538
          ],
          [
            -76.994836,
            -10.317683
          ],
          [
            -76.994851,
            -10.317766
          ],
          [
            -76.995058,
            -10.318044
          ],
          [
            -76.995099,
            -10.318123
          ],
          [
            -76.995081,
            -10.318266
          ],
          [
            -76.995116,
            -10.318298
          ],
          [
            -76.995163,
            -10.318272
          ],
          [
            -76.995168,
            -10.318166
          ],
          [
            -76.995267,
            -10.317944
          ],
          [
            -76.995329,
            -10.31775
          ],
          [
            -76.995242,
            -10.317599
          ],
          [
            -76.995302,
            -10.317587
          ],
          [
            -76.99541,
            -10.317669
          ],
          [
            -76.99546,
            -10.317842
          ],
          [
            -76.995495,
            -10.31804
          ],
          [
            -76.995754,
            -10.31861
          ],
          [
            -76.99583,
            -10.318624
          ],
          [
            -76.99594,
            -10.318578
          ],
          [
            -76.995988,
            -10.318523
          ],
          [
            -76.995992,
            -10.318372
          ],
          [
            -76.996098,
            -10.317844
          ],
          [
            -76.996077,
            -10.317618
          ],
          [
            -76.996009,
            -10.317412
          ],
          [
            -76.995874,
            -10.317247
          ],
          [
            -76.995826,
            -10.317131
          ],
          [
            -76.995909,
            -10.316858
          ],
          [
            -76.996116,
            -10.316562
          ],
          [
            -76.996257,
            -10.316299
          ],
          [
            -76.996292,
            -10.316071
          ],
          [
            -76.996464,
            -10.315735
          ],
          [
            -76.996812,
            -10.314571
          ],
          [
            -76.996806,
            -10.314473
          ],
          [
            -76.996694,
            -10.314377
          ],
          [
            -76.996651,
            -10.314292
          ],
          [
            -76.996632,
            -10.314141
          ],
          [
            -76.996649,
            -10.314104
          ],
          [
            -76.996729,
            -10.313929
          ],
          [
            -76.996852,
            -10.313764
          ],
          [
            -76.996883,
            -10.313668
          ],
          [
            -76.996796,
            -10.313363
          ],
          [
            -76.996394,
            -10.31312
          ],
          [
            -76.996191,
            -10.312878
          ],
          [
            -76.996102,
            -10.312623
          ],
          [
            -76.996158,
            -10.31238
          ],
          [
            -76.996143,
            -10.312034
          ],
          [
            -76.996168,
            -10.311793
          ],
          [
            -76.99622,
            -10.311635
          ],
          [
            -76.996116,
            -10.311174
          ],
          [
            -76.996108,
            -10.310984
          ],
          [
            -76.99599,
            -10.310736
          ],
          [
            -76.996007,
            -10.310571
          ],
          [
            -76.995781,
            -10.310395
          ],
          [
            -76.995497,
            -10.310047
          ],
          [
            -76.995192,
            -10.309892
          ],
          [
            -76.995281,
            -10.30982
          ],
          [
            -76.995192,
            -10.309892
          ],
          [
            -76.995161,
            -10.309715
          ],
          [
            -76.995178,
            -10.309578
          ],
          [
            -76.995261,
            -10.30943
          ],
          [
            -76.995344,
            -10.309317
          ],
          [
            -76.995373,
            -10.309171
          ],
          [
            -76.99548,
            -10.308989
          ],
          [
            -76.99559,
            -10.308765
          ],
          [
            -76.995656,
            -10.308557
          ],
          [
            -76.996218,
            -10.307948
          ],
          [
            -76.996383,
            -10.307818
          ],
          [
            -76.99641,
            -10.307754
          ],
          [
            -76.996526,
            -10.307589
          ],
          [
            -76.996564,
            -10.307491
          ],
          [
            -76.996653,
            -10.307396
          ],
          [
            -76.996647,
            -10.307224
          ],
          [
            -76.996771,
            -10.30707
          ],
          [
            -76.996789,
            -10.306815
          ],
          [
            -76.996876,
            -10.306742
          ],
          [
            -76.99704,
            -10.306631
          ],
          [
            -76.997121,
            -10.306521
          ],
          [
            -76.997166,
            -10.306338
          ],
          [
            -76.997129,
            -10.306295
          ],
          [
            -76.997026,
            -10.306328
          ],
          [
            -76.996847,
            -10.305927
          ],
          [
            -76.99686,
            -10.303503
          ],
          [
            -76.996966,
            -10.302512
          ],
          [
            -76.997124,
            -10.301029
          ],
          [
            -76.99681,
            -10.299904
          ],
          [
            -76.996885,
            -10.298902
          ],
          [
            -76.996957,
            -10.298712
          ],
          [
            -76.997715,
            -10.296712
          ],
          [
            -76.998067,
            -10.296354
          ],
          [
            -76.998205,
            -10.295772
          ],
          [
            -76.99849,
            -10.295335
          ],
          [
            -76.998632,
            -10.295117
          ],
          [
            -76.998859,
            -10.294585
          ],
          [
            -76.999349,
            -10.292458
          ],
          [
            -76.999148,
            -10.291839
          ],
          [
            -76.999277,
            -10.29118
          ],
          [
            -76.999275,
            -10.291108
          ],
          [
            -76.999261,
            -10.290528
          ],
          [
            -76.998937,
            -10.289528
          ],
          [
            -76.99897,
            -10.289167
          ],
          [
            -76.999072,
            -10.288685
          ],
          [
            -76.998683,
            -10.287819
          ],
          [
            -76.998646,
            -10.287601
          ],
          [
            -76.998368,
            -10.285939
          ],
          [
            -76.998306,
            -10.284875
          ],
          [
            -76.998159,
            -10.284191
          ],
          [
            -76.997914,
            -10.283049
          ],
          [
            -76.997878,
            -10.282884
          ],
          [
            -76.997888,
            -10.282427
          ],
          [
            -76.997979,
            -10.281907
          ],
          [
            -76.997869,
            -10.281739
          ],
          [
            -76.997863,
            -10.281393
          ],
          [
            -76.997642,
            -10.281188
          ],
          [
            -76.997715,
            -10.280633
          ],
          [
            -76.997928,
            -10.279797
          ],
          [
            -76.997946,
            -10.279404
          ],
          [
            -76.997801,
            -10.278966
          ],
          [
            -76.997932,
            -10.278825
          ],
          [
            -76.99797,
            -10.278308
          ],
          [
            -76.998083,
            -10.277961
          ],
          [
            -76.997944,
            -10.277856
          ],
          [
            -76.997958,
            -10.277747
          ],
          [
            -76.997976,
            -10.277605
          ],
          [
            -76.998243,
            -10.277503
          ],
          [
            -76.998017,
            -10.277016
          ],
          [
            -76.998073,
            -10.276545
          ],
          [
            -76.997872,
            -10.276044
          ],
          [
            -76.997715,
            -10.275969
          ],
          [
            -76.997767,
            -10.275182
          ],
          [
            -76.99758,
            -10.274353
          ],
          [
            -76.997554,
            -10.274238
          ],
          [
            -76.997806,
            -10.274012
          ],
          [
            -76.998214,
            -10.273904
          ],
          [
            -76.998855,
            -10.272941
          ],
          [
            -76.999087,
            -10.272504
          ],
          [
            -76.999133,
            -10.272222
          ],
          [
            -76.998987,
            -10.272069
          ],
          [
            -76.998762,
            -10.272001
          ],
          [
            -76.998531,
            -10.271757
          ],
          [
            -76.998491,
            -10.271341
          ],
          [
            -76.99852,
            -10.27109
          ],
          [
            -76.998644,
            -10.270826
          ],
          [
            -76.998665,
            -10.270513
          ],
          [
            -76.998496,
            -10.269744
          ],
          [
            -76.998806,
            -10.269293
          ],
          [
            -76.998108,
            -10.268981
          ],
          [
            -76.997867,
            -10.268918
          ],
          [
            -76.997722,
            -10.268814
          ],
          [
            -76.997556,
            -10.268739
          ],
          [
            -76.997407,
            -10.268638
          ],
          [
            -76.997328,
            -10.268668
          ],
          [
            -76.997173,
            -10.268573
          ],
          [
            -76.997087,
            -10.268541
          ],
          [
            -76.99657,
            -10.268412
          ],
          [
            -76.996444,
            -10.268401
          ],
          [
            -76.996323,
            -10.268357
          ],
          [
            -76.995949,
            -10.268311
          ],
          [
            -76.995703,
            -10.268346
          ],
          [
            -76.995511,
            -10.268334
          ],
          [
            -76.995327,
            -10.268353
          ],
          [
            -76.995201,
            -10.268284
          ],
          [
            -76.995156,
            -10.26824
          ],
          [
            -76.995079,
            -10.268067
          ],
          [
            -76.994974,
            -10.267996
          ],
          [
            -76.994899,
            -10.267865
          ],
          [
            -76.994852,
            -10.267826
          ],
          [
            -76.994796,
            -10.267803
          ],
          [
            -76.994672,
            -10.267778
          ],
          [
            -76.994382,
            -10.267842
          ],
          [
            -76.994198,
            -10.267817
          ],
          [
            -76.993943,
            -10.267835
          ],
          [
            -76.993714,
            -10.267734
          ],
          [
            -76.99359,
            -10.267734
          ],
          [
            -76.993471,
            -10.267699
          ],
          [
            -76.993377,
            -10.267617
          ],
          [
            -76.993314,
            -10.267499
          ],
          [
            -76.993183,
            -10.267375
          ],
          [
            -76.99316,
            -10.267318
          ],
          [
            -76.992964,
            -10.267297
          ],
          [
            -76.992793,
            -10.267255
          ],
          [
            -76.992611,
            -10.267182
          ],
          [
            -76.992466,
            -10.2672
          ],
          [
            -76.992405,
            -10.267177
          ],
          [
            -76.992202,
            -10.267021
          ],
          [
            -76.991846,
            -10.266973
          ],
          [
            -76.991676,
            -10.266894
          ],
          [
            -76.991556,
            -10.266864
          ],
          [
            -76.991367,
            -10.266761
          ],
          [
            -76.990923,
            -10.266655
          ],
          [
            -76.990451,
            -10.266625
          ],
          [
            -76.990332,
            -10.266586
          ],
          [
            -76.990051,
            -10.266549
          ],
          [
            -76.98993,
            -10.266519
          ],
          [
            -76.989759,
            -10.266441
          ],
          [
            -76.98972,
            -10.26644
          ],
          [
            -76.989055,
            -10.266598
          ],
          [
            -76.988945,
            -10.266671
          ],
          [
            -76.988735,
            -10.266655
          ],
          [
            -76.988413,
            -10.266706
          ],
          [
            -76.988291,
            -10.266743
          ],
          [
            -76.98791,
            -10.266961
          ],
          [
            -76.987356,
            -10.267322
          ],
          [
            -76.98716,
            -10.267373
          ],
          [
            -76.987008,
            -10.267382
          ],
          [
            -76.986963,
            -10.267437
          ],
          [
            -76.986741,
            -10.267559
          ],
          [
            -76.98661,
            -10.267688
          ],
          [
            -76.986547,
            -10.267801
          ],
          [
            -76.986358,
            -10.268005
          ],
          [
            -76.986339,
            -10.268132
          ],
          [
            -76.986304,
            -10.26818
          ],
          [
            -76.986117,
            -10.268339
          ],
          [
            -76.986091,
            -10.268394
          ],
          [
            -76.98589,
            -10.268642
          ],
          [
            -76.985619,
            -10.268808
          ],
          [
            -76.985369,
            -10.269003
          ],
          [
            -76.985161,
            -10.269098
          ],
          [
            -76.985121,
            -10.269144
          ],
          [
            -76.98493,
            -10.269275
          ],
          [
            -76.984754,
            -10.269342
          ],
          [
            -76.984586,
            -10.269436
          ],
          [
            -76.984523,
            -10.269447
          ],
          [
            -76.98442,
            -10.269514
          ],
          [
            -76.984357,
            -10.269512
          ],
          [
            -76.984233,
            -10.269542
          ],
          [
            -76.984123,
            -10.269477
          ],
          [
            -76.984002,
            -10.269452
          ],
          [
            -76.983854,
            -10.269521
          ],
          [
            -76.983803,
            -10.269486
          ],
          [
            -76.983773,
            -10.269367
          ],
          [
            -76.983745,
            -10.269307
          ],
          [
            -76.983702,
            -10.269261
          ],
          [
            -76.983551,
            -10.269153
          ],
          [
            -76.983499,
            -10.269075
          ],
          [
            -76.983438,
            -10.269075
          ],
          [
            -76.983321,
            -10.269022
          ],
          [
            -76.983137,
            -10.269059
          ],
          [
            -76.982943,
            -10.268983
          ],
          [
            -76.982877,
            -10.268978
          ],
          [
            -76.982702,
            -10.269033
          ],
          [
            -76.982323,
            -10.269093
          ],
          [
            -76.982265,
            -10.269123
          ],
          [
            -76.982143,
            -10.269084
          ],
          [
            -76.982092,
            -10.269049
          ],
          [
            -76.982087,
            -10.268987
          ],
          [
            -76.982052,
            -10.268932
          ],
          [
            -76.981949,
            -10.268865
          ],
          [
            -76.981872,
            -10.268564
          ],
          [
            -76.981856,
            -10.268371
          ],
          [
            -76.981823,
            -10.268318
          ],
          [
            -76.981821,
            -10.268192
          ],
          [
            -76.9819,
            -10.267918
          ],
          [
            -76.981935,
            -10.267858
          ],
          [
            -76.981989,
            -10.267237
          ],
          [
            -76.982069,
            -10.26703
          ],
          [
            -76.982118,
            -10.266989
          ],
          [
            -76.982181,
            -10.266977
          ],
          [
            -76.982246,
            -10.266989
          ],
          [
            -76.982424,
            -10.267076
          ],
          [
            -76.98248,
            -10.267039
          ],
          [
            -76.98237,
            -10.266795
          ],
          [
            -76.982459,
            -10.266625
          ],
          [
            -76.982459,
            -10.266561
          ],
          [
            -76.982396,
            -10.266441
          ],
          [
            -76.982386,
            -10.266287
          ],
          [
            -76.982431,
            -10.266241
          ],
          [
            -76.982478,
            -10.265972
          ],
          [
            -76.982595,
            -10.265914
          ],
          [
            -76.982569,
            -10.265793
          ],
          [
            -76.982508,
            -10.26568
          ],
          [
            -76.982646,
            -10.265542
          ],
          [
            -76.982714,
            -10.265434
          ],
          [
            -76.982679,
            -10.265312
          ],
          [
            -76.982646,
            -10.265059
          ],
          [
            -76.982688,
            -10.264937
          ],
          [
            -76.982625,
            -10.264928
          ],
          [
            -76.982232,
            -10.265066
          ],
          [
            -76.981912,
            -10.265114
          ],
          [
            -76.981816,
            -10.265158
          ],
          [
            -76.981692,
            -10.265144
          ],
          [
            -76.981643,
            -10.265178
          ],
          [
            -76.981395,
            -10.265218
          ],
          [
            -76.981337,
            -10.265284
          ],
          [
            -76.98125,
            -10.265434
          ],
          [
            -76.981157,
            -10.265519
          ],
          [
            -76.981066,
            -10.265749
          ],
          [
            -76.98094,
            -10.265882
          ],
          [
            -76.980867,
            -10.266013
          ],
          [
            -76.980767,
            -10.266105
          ],
          [
            -76.980652,
            -10.266154
          ],
          [
            -76.980456,
            -10.26614
          ],
          [
            -76.980395,
            -10.266158
          ],
          [
            -76.980147,
            -10.266248
          ],
          [
            -76.980103,
            -10.266294
          ],
          [
            -76.980047,
            -10.266319
          ],
          [
            -76.979717,
            -10.26643
          ],
          [
            -76.97968,
            -10.26648
          ],
          [
            -76.979507,
            -10.266561
          ],
          [
            -76.97917,
            -10.266828
          ],
          [
            -76.979051,
            -10.266903
          ],
          [
            -76.978728,
            -10.267053
          ],
          [
            -76.978665,
            -10.267058
          ],
          [
            -76.97852,
            -10.267182
          ],
          [
            -76.978336,
            -10.267253
          ],
          [
            -76.977934,
            -10.267596
          ],
          [
            -76.977545,
            -10.267557
          ],
          [
            -76.977228,
            -10.267525
          ],
          [
            -76.977186,
            -10.267481
          ],
          [
            -76.977172,
            -10.267412
          ],
          [
            -76.977111,
            -10.26738
          ],
          [
            -76.977048,
            -10.26738
          ],
          [
            -76.976975,
            -10.267253
          ],
          [
            -76.976823,
            -10.267066
          ],
          [
            -76.97672,
            -10.266948
          ],
          [
            -76.976723,
            -10.266639
          ],
          [
            -76.976617,
            -10.266226
          ],
          [
            -76.976518,
            -10.26607
          ],
          [
            -76.976224,
            -10.265833
          ],
          [
            -76.975963,
            -10.265781
          ],
          [
            -76.975791,
            -10.265787
          ],
          [
            -76.975268,
            -10.26565
          ],
          [
            -76.975209,
            -10.265602
          ],
          [
            -76.975143,
            -10.265459
          ],
          [
            -76.975047,
            -10.265348
          ],
          [
            -76.974901,
            -10.26525
          ],
          [
            -76.97482,
            -10.265266
          ],
          [
            -76.974764,
            -10.265298
          ],
          [
            -76.974638,
            -10.265321
          ],
          [
            -76.974579,
            -10.265307
          ],
          [
            -76.974448,
            -10.265172
          ],
          [
            -76.974161,
            -10.265077
          ],
          [
            -76.973993,
            -10.264983
          ],
          [
            -76.973836,
            -10.264785
          ],
          [
            -76.9736,
            -10.264562
          ],
          [
            -76.973562,
            -10.264511
          ],
          [
            -76.973532,
            -10.264452
          ],
          [
            -76.97349,
            -10.264256
          ],
          [
            -76.973389,
            -10.263939
          ],
          [
            -76.973317,
            -10.263801
          ],
          [
            -76.973188,
            -10.263775
          ],
          [
            -76.973137,
            -10.263596
          ],
          [
            -76.972908,
            -10.263186
          ],
          [
            -76.972716,
            -10.263019
          ],
          [
            -76.972583,
            -10.262807
          ],
          [
            -76.97227,
            -10.262529
          ],
          [
            -76.972232,
            -10.262478
          ],
          [
            -76.97213,
            -10.262165
          ],
          [
            -76.971541,
            -10.261556
          ],
          [
            -76.971489,
            -10.261524
          ],
          [
            -76.971281,
            -10.26148
          ],
          [
            -76.971115,
            -10.261367
          ],
          [
            -76.970872,
            -10.261059
          ],
          [
            -76.970833,
            -10.260934
          ],
          [
            -76.970786,
            -10.260723
          ],
          [
            -76.970727,
            -10.260608
          ],
          [
            -76.970713,
            -10.260546
          ],
          [
            -76.970722,
            -10.260291
          ],
          [
            -76.970669,
            -10.260104
          ],
          [
            -76.970671,
            -10.260038
          ],
          [
            -76.970699,
            -10.259849
          ],
          [
            -76.970902,
            -10.259674
          ],
          [
            -76.970916,
            -10.259612
          ],
          [
            -76.970956,
            -10.259288
          ],
          [
            -76.97094,
            -10.259099
          ],
          [
            -76.97098,
            -10.258835
          ],
          [
            -76.971031,
            -10.258699
          ],
          [
            -76.971096,
            -10.258589
          ],
          [
            -76.971043,
            -10.258556
          ],
          [
            -76.97098,
            -10.258566
          ],
          [
            -76.971209,
            -10.258308
          ],
          [
            -76.971426,
            -10.257942
          ],
          [
            -76.97158,
            -10.257791
          ],
          [
            -76.971763,
            -10.257526
          ],
          [
            -76.971812,
            -10.257386
          ],
          [
            -76.971669,
            -10.257402
          ],
          [
            -76.971374,
            -10.257503
          ],
          [
            -76.971361,
            -10.257508
          ],
          [
            -76.971365,
            -10.257439
          ],
          [
            -76.971489,
            -10.257112
          ],
          [
            -76.971597,
            -10.257034
          ],
          [
            -76.971849,
            -10.256923
          ],
          [
            -76.971938,
            -10.256854
          ],
          [
            -76.971802,
            -10.256861
          ],
          [
            -76.971477,
            -10.256972
          ],
          [
            -76.971281,
            -10.256992
          ],
          [
            -76.971012,
            -10.25705
          ],
          [
            -76.970753,
            -10.257147
          ],
          [
            -76.9705,
            -10.25716
          ],
          [
            -76.97018,
            -10.257126
          ],
          [
            -76.970108,
            -10.25705
          ],
          [
            -76.970133,
            -10.256988
          ],
          [
            -76.970278,
            -10.256854
          ],
          [
            -76.970676,
            -10.256268
          ],
          [
            -76.97068,
            -10.256183
          ],
          [
            -76.970629,
            -10.256093
          ],
          [
            -76.97043,
            -10.256118
          ],
          [
            -76.970367,
            -10.256114
          ],
          [
            -76.970341,
            -10.256056
          ],
          [
            -76.970486,
            -10.255711
          ],
          [
            -76.970496,
            -10.255571
          ],
          [
            -76.970465,
            -10.255504
          ],
          [
            -76.970412,
            -10.255456
          ],
          [
            -76.970351,
            -10.255438
          ],
          [
            -76.970206,
            -10.255444
          ],
          [
            -76.969991,
            -10.255509
          ],
          [
            -76.969965,
            -10.255454
          ],
          [
            -76.969963,
            -10.255265
          ],
          [
            -76.969635,
            -10.255235
          ],
          [
            -76.969587,
            -10.2552
          ],
          [
            -76.969567,
            -10.255186
          ],
          [
            -76.97004,
            -10.254791
          ],
          [
            -76.97059,
            -10.254443
          ],
          [
            -76.970944,
            -10.253921
          ],
          [
            -76.971101,
            -10.253399
          ],
          [
            -76.971491,
            -10.252649
          ],
          [
            -76.971533,
            -10.249746
          ],
          [
            -76.970949,
            -10.248894
          ],
          [
            -76.969372,
            -10.246383
          ],
          [
            -76.968891,
            -10.245536
          ],
          [
            -76.968862,
            -10.245185
          ],
          [
            -76.969189,
            -10.243145
          ],
          [
            -76.96969,
            -10.242034
          ],
          [
            -76.969717,
            -10.241306
          ],
          [
            -76.969698,
            -10.241137
          ],
          [
            -76.969647,
            -10.2407
          ],
          [
            -76.96951,
            -10.240198
          ],
          [
            -76.971631,
            -10.238864
          ],
          [
            -76.972085,
            -10.238402
          ],
          [
            -76.972083,
            -10.238342
          ],
          [
            -76.97204,
            -10.238332
          ],
          [
            -76.971977,
            -10.238317
          ],
          [
            -76.971612,
            -10.238419
          ],
          [
            -76.971178,
            -10.238395
          ],
          [
            -76.970743,
            -10.238225
          ],
          [
            -76.969824,
            -10.238091
          ],
          [
            -76.969245,
            -10.237884
          ],
          [
            -76.968974,
            -10.237638
          ],
          [
            -76.968366,
            -10.23745
          ],
          [
            -76.968104,
            -10.237459
          ],
          [
            -76.967828,
            -10.237606
          ],
          [
            -76.967663,
            -10.237781
          ],
          [
            -76.967508,
            -10.237912
          ],
          [
            -76.966987,
            -10.237424
          ],
          [
            -76.96685,
            -10.237034
          ],
          [
            -76.966297,
            -10.23691
          ],
          [
            -76.966095,
            -10.236754
          ]
        ]
      },
      "properties": {
        "_umap_options": {
          "route": {
            "profile": "foot-hiking",
            "preference": "recommended",
            "elevation": false,
            "coordinates": [
              [
                -76.995084,
                -10.326023
              ],
              [
                -76.995964,
                -10.326045
              ],
              [
                -76.994548,
                -10.32311
              ],
              [
                -76.99414,
                -10.320324
              ],
              [
                -76.994634,
                -10.319733
              ],
              [
                -76.996735,
                -10.314142
              ],
              [
                -76.995276,
                -10.309814
              ],
              [
                -76.996885,
                -10.306753
              ],
              [
                -76.996908,
                -10.302506
              ],
              [
                -76.996949,
                -10.298709
              ],
              [
                -76.998451,
                -10.29531
              ],
              [
                -76.999311,
                -10.291107
              ],
              [
                -76.998646,
                -10.287601
              ],
              [
                -76.998194,
                -10.284184
              ],
              [
                -76.997936,
                -10.283044
              ],
              [
                -76.997936,
                -10.277744
              ],
              [
                -76.997615,
                -10.274345
              ],
              [
                -76.999095,
                -10.272508
              ],
              [
                -76.998108,
                -10.268982
              ],
              [
                -76.989718,
                -10.266512
              ],
              [
                -76.97755,
                -10.267507
              ],
              [
                -76.976779,
                -10.267103
              ],
              [
                -76.97075,
                -10.260959
              ],
              [
                -76.971372,
                -10.257496
              ],
              [
                -76.969591,
                -10.255194
              ],
              [
                -76.969593,
                -10.241149
              ],
              [
                -76.972037,
                -10.238344
              ],
              [
                -76.966083,
                -10.236769
              ]
            ]
          },
          "opacity": 0.8,
          "color": "Crimson"
        },
        "name": "Day 7"
      }
    },
    {
      "type": "Feature",
      "geometry": {
        "type": "Point",
        "coordinates": [
          -76.966036,
          -10.236642
        ]
      },
      "properties": {
        "_umap_options": {
          "iconUrl": "/uploads/pictogram/camping.svg"
        },
        "name": "Day 7 Campsite"
      }
    },
    {
      "type": "Feature",
      "geometry": {
        "type": "LineString",
        "coordinates": [
          [
            -76.966061,
            -10.236704
          ],
          [
            -76.965962,
            -10.236442
          ],
          [
            -76.965987,
            -10.236313
          ],
          [
            -76.965975,
            -10.235978
          ],
          [
            -76.965974,
            -10.235972
          ],
          [
            -76.966146,
            -10.235982
          ],
          [
            -76.966335,
            -10.236153
          ],
          [
            -76.966401,
            -10.236212
          ],
          [
            -76.966485,
            -10.236396
          ],
          [
            -76.966577,
            -10.236492
          ],
          [
            -76.966688,
            -10.236567
          ],
          [
            -76.966806,
            -10.236572
          ],
          [
            -76.966868,
            -10.236575
          ],
          [
            -76.967052,
            -10.236536
          ],
          [
            -76.967173,
            -10.236445
          ],
          [
            -76.967354,
            -10.236118
          ],
          [
            -76.967747,
            -10.235643
          ],
          [
            -76.968046,
            -10.235112
          ],
          [
            -76.968361,
            -10.234872
          ],
          [
            -76.968583,
            -10.234644
          ],
          [
            -76.96955,
            -10.234133
          ],
          [
            -76.970133,
            -10.23385
          ],
          [
            -76.97039,
            -10.233793
          ],
          [
            -76.971183,
            -10.23395
          ],
          [
            -76.971607,
            -10.234014
          ],
          [
            -76.971905,
            -10.233985
          ],
          [
            -76.972325,
            -10.233853
          ],
          [
            -76.97263,
            -10.233367
          ],
          [
            -76.973059,
            -10.232503
          ],
          [
            -76.973321,
            -10.232362
          ],
          [
            -76.973687,
            -10.232346
          ],
          [
            -76.973754,
            -10.232344
          ],
          [
            -76.97427,
            -10.232855
          ],
          [
            -76.975272,
            -10.233168
          ],
          [
            -76.975733,
            -10.233233
          ],
          [
            -76.976017,
            -10.233317
          ],
          [
            -76.976783,
            -10.233433
          ],
          [
            -76.9775,
            -10.233717
          ],
          [
            -76.978347,
            -10.233511
          ],
          [
            -76.979122,
            -10.233188
          ],
          [
            -76.9811,
            -10.232733
          ],
          [
            -76.981306,
            -10.232585
          ],
          [
            -76.98176,
            -10.232554
          ],
          [
            -76.982017,
            -10.232483
          ],
          [
            -76.982633,
            -10.232233
          ],
          [
            -76.984033,
            -10.231233
          ],
          [
            -76.9846,
            -10.23085
          ],
          [
            -76.984995,
            -10.230789
          ],
          [
            -76.985533,
            -10.230567
          ],
          [
            -76.986374,
            -10.23059
          ],
          [
            -76.986726,
            -10.230928
          ],
          [
            -76.987567,
            -10.23105
          ],
          [
            -76.987904,
            -10.230944
          ],
          [
            -76.98802,
            -10.23119
          ],
          [
            -76.98817,
            -10.231336
          ],
          [
            -76.988517,
            -10.231517
          ],
          [
            -76.98864,
            -10.23173
          ],
          [
            -76.988848,
            -10.231799
          ],
          [
            -76.98915,
            -10.231842
          ],
          [
            -76.98955,
            -10.231783
          ],
          [
            -76.989905,
            -10.232004
          ],
          [
            -76.989994,
            -10.232183
          ],
          [
            -76.99045,
            -10.232567
          ],
          [
            -76.990628,
            -10.232599
          ],
          [
            -76.99115,
            -10.232524
          ],
          [
            -76.991603,
            -10.232661
          ],
          [
            -76.992016,
            -10.232882
          ],
          [
            -76.992166,
            -10.233051
          ],
          [
            -76.992906,
            -10.233009
          ],
          [
            -76.993217,
            -10.23303
          ],
          [
            -76.993409,
            -10.233011
          ],
          [
            -76.993909,
            -10.232861
          ],
          [
            -76.994503,
            -10.232615
          ],
          [
            -76.994977,
            -10.232302
          ],
          [
            -76.995004,
            -10.232154
          ],
          [
            -76.995122,
            -10.23208
          ],
          [
            -76.995399,
            -10.232171
          ],
          [
            -76.996533,
            -10.231689
          ],
          [
            -76.99673,
            -10.231675
          ],
          [
            -76.996849,
            -10.231552
          ],
          [
            -76.996982,
            -10.231485
          ],
          [
            -76.997112,
            -10.231304
          ],
          [
            -76.997123,
            -10.231066
          ],
          [
            -76.997203,
            -10.230977
          ],
          [
            -76.997781,
            -10.231084
          ],
          [
            -76.997976,
            -10.230971
          ],
          [
            -76.998362,
            -10.230855
          ],
          [
            -76.998671,
            -10.230804
          ],
          [
            -76.99895,
            -10.230667
          ],
          [
            -76.999134,
            -10.230792
          ],
          [
            -76.999353,
            -10.230751
          ],
          [
            -76.99959,
            -10.230771
          ],
          [
            -76.999837,
            -10.230665
          ],
          [
            -76.99998,
            -10.230524
          ],
          [
            -77.000459,
            -10.23038
          ],
          [
            -77.000647,
            -10.230385
          ],
          [
            -77.000894,
            -10.230248
          ],
          [
            -77.001162,
            -10.229952
          ],
          [
            -77.001516,
            -10.229625
          ],
          [
            -77.002015,
            -10.229604
          ],
          [
            -77.002224,
            -10.229546
          ],
          [
            -77.002498,
            -10.229609
          ],
          [
            -77.002786,
            -10.229638
          ],
          [
            -77.003115,
            -10.229752
          ],
          [
            -77.003319,
            -10.229773
          ],
          [
            -77.003539,
            -10.229678
          ],
          [
            -77.003764,
            -10.229488
          ],
          [
            -77.003791,
            -10.229187
          ],
          [
            -77.003844,
            -10.228886
          ],
          [
            -77.004041,
            -10.228904
          ],
          [
            -77.004236,
            -10.229039
          ],
          [
            -77.004338,
            -10.228997
          ],
          [
            -77.00452,
            -10.228992
          ],
          [
            -77.004574,
            -10.229108
          ],
          [
            -77.00481,
            -10.229293
          ],
          [
            -77.0051,
            -10.229161
          ],
          [
            -77.005368,
            -10.229245
          ],
          [
            -77.005758,
            -10.228946
          ],
          [
            -77.006119,
            -10.228844
          ],
          [
            -77.006428,
            -10.228872
          ],
          [
            -77.006607,
            -10.228971
          ],
          [
            -77.006843,
            -10.228865
          ],
          [
            -77.00716,
            -10.228918
          ],
          [
            -77.007272,
            -10.228916
          ],
          [
            -77.007394,
            -10.228914
          ],
          [
            -77.007455,
            -10.228791
          ],
          [
            -77.007576,
            -10.228645
          ],
          [
            -77.007878,
            -10.227999
          ],
          [
            -77.007995,
            -10.227969
          ],
          [
            -77.008184,
            -10.228047
          ],
          [
            -77.008268,
            -10.228165
          ],
          [
            -77.008501,
            -10.22829
          ],
          [
            -77.008645,
            -10.228274
          ],
          [
            -77.00864,
            -10.228047
          ],
          [
            -77.008901,
            -10.227684
          ],
          [
            -77.008885,
            -10.227442
          ],
          [
            -77.009072,
            -10.22712
          ],
          [
            -77.009507,
            -10.227162
          ],
          [
            -77.009648,
            -10.227385
          ],
          [
            -77.009899,
            -10.227537
          ],
          [
            -77.009888,
            -10.22789
          ],
          [
            -77.010056,
            -10.227968
          ],
          [
            -77.010285,
            -10.228143
          ],
          [
            -77.010495,
            -10.228228
          ],
          [
            -77.010614,
            -10.228543
          ],
          [
            -77.010775,
            -10.228538
          ],
          [
            -77.011022,
            -10.228411
          ],
          [
            -77.011591,
            -10.228216
          ],
          [
            -77.011971,
            -10.228147
          ],
          [
            -77.012379,
            -10.228147
          ],
          [
            -77.01247,
            -10.228289
          ],
          [
            -77.012519,
            -10.228363
          ],
          [
            -77.012792,
            -10.22839
          ],
          [
            -77.013071,
            -10.228538
          ],
          [
            -77.013248,
            -10.228749
          ],
          [
            -77.013388,
            -10.229076
          ],
          [
            -77.013527,
            -10.229108
          ],
          [
            -77.013618,
            -10.229414
          ],
          [
            -77.013767,
            -10.229453
          ],
          [
            -77.014214,
            -10.229306
          ],
          [
            -77.014446,
            -10.229382
          ],
          [
            -77.014575,
            -10.229475
          ],
          [
            -77.014869,
            -10.229478
          ],
          [
            -77.015196,
            -10.229444
          ],
          [
            -77.015294,
            -10.229465
          ],
          [
            -77.015546,
            -10.229672
          ],
          [
            -77.015631,
            -10.229786
          ],
          [
            -77.015757,
            -10.22973
          ],
          [
            -77.015834,
            -10.229579
          ],
          [
            -77.015929,
            -10.229303
          ],
          [
            -77.015988,
            -10.228989
          ],
          [
            -77.016041,
            -10.228858
          ],
          [
            -77.016086,
            -10.228802
          ],
          [
            -77.016006,
            -10.228671
          ],
          [
            -77.016051,
            -10.228499
          ],
          [
            -77.016002,
            -10.228292
          ],
          [
            -77.015992,
            -10.228119
          ],
          [
            -77.016185,
            -10.227936
          ],
          [
            -77.016451,
            -10.227861
          ],
          [
            -77.016703,
            -10.227978
          ],
          [
            -77.017082,
            -10.228333
          ],
          [
            -77.017499,
            -10.22863
          ],
          [
            -77.017752,
            -10.228699
          ],
          [
            -77.018039,
            -10.228723
          ],
          [
            -77.018295,
            -10.228689
          ],
          [
            -77.018793,
            -10.228533
          ],
          [
            -77.019115,
            -10.228388
          ],
          [
            -77.01935,
            -10.228326
          ],
          [
            -77.019326,
            -10.228471
          ],
          [
            -77.019255,
            -10.228554
          ],
          [
            -77.019305,
            -10.228747
          ],
          [
            -77.019385,
            -10.228913
          ],
          [
            -77.019778,
            -10.229006
          ],
          [
            -77.019992,
            -10.22912
          ],
          [
            -77.020153,
            -10.229372
          ],
          [
            -77.020591,
            -10.229496
          ],
          [
            -77.020977,
            -10.229703
          ],
          [
            -77.021338,
            -10.229865
          ],
          [
            -77.022057,
            -10.230006
          ],
          [
            -77.022393,
            -10.230055
          ],
          [
            -77.02287,
            -10.230096
          ],
          [
            -77.024065,
            -10.230576
          ],
          [
            -77.024486,
            -10.230776
          ],
          [
            -77.024707,
            -10.230948
          ],
          [
            -77.024952,
            -10.231207
          ],
          [
            -77.025289,
            -10.231718
          ],
          [
            -77.025478,
            -10.232197
          ],
          [
            -77.025575,
            -10.232345
          ],
          [
            -77.025696,
            -10.232193
          ],
          [
            -77.025981,
            -10.23184
          ],
          [
            -77.026051,
            -10.231674
          ],
          [
            -77.026065,
            -10.231493
          ],
          [
            -77.026122,
            -10.231296
          ],
          [
            -77.02644,
            -10.230913
          ],
          [
            -77.026668,
            -10.2304
          ],
          [
            -77.026817,
            -10.229981
          ],
          [
            -77.026995,
            -10.229813
          ],
          [
            -77.027149,
            -10.229381
          ],
          [
            -77.027416,
            -10.229042
          ],
          [
            -77.027553,
            -10.228722
          ],
          [
            -77.027739,
            -10.228527
          ],
          [
            -77.027803,
            -10.228385
          ],
          [
            -77.027808,
            -10.228202
          ],
          [
            -77.027848,
            -10.2281
          ],
          [
            -77.027781,
            -10.227983
          ],
          [
            -77.027652,
            -10.227851
          ],
          [
            -77.027543,
            -10.227676
          ],
          [
            -77.027503,
            -10.227514
          ],
          [
            -77.027555,
            -10.22728
          ],
          [
            -77.027565,
            -10.227122
          ],
          [
            -77.027473,
            -10.226753
          ],
          [
            -77.027555,
            -10.226487
          ],
          [
            -77.027533,
            -10.226019
          ],
          [
            -77.027585,
            -10.225802
          ],
          [
            -77.027739,
            -10.225338
          ],
          [
            -77.02784,
            -10.225177
          ],
          [
            -77.028071,
            -10.224951
          ],
          [
            -77.028259,
            -10.224858
          ],
          [
            -77.02847,
            -10.224663
          ],
          [
            -77.028614,
            -10.224475
          ],
          [
            -77.028691,
            -10.224333
          ],
          [
            -77.028698,
            -10.224204
          ],
          [
            -77.028705,
            -10.224082
          ],
          [
            -77.0288,
            -10.224006
          ],
          [
            -77.029072,
            -10.224055
          ],
          [
            -77.029276,
            -10.224004
          ],
          [
            -77.029509,
            -10.223821
          ],
          [
            -77.029868,
            -10.223723
          ],
          [
            -77.02993,
            -10.223621
          ],
          [
            -77.030002,
            -10.223555
          ],
          [
            -77.030138,
            -10.223465
          ],
          [
            -77.030193,
            -10.223348
          ],
          [
            -77.030227,
            -10.223158
          ],
          [
            -77.030231,
            -10.222891
          ],
          [
            -77.030287,
            -10.222799
          ],
          [
            -77.030301,
            -10.222722
          ],
          [
            -77.030256,
            -10.222656
          ],
          [
            -77.03027,
            -10.22258
          ],
          [
            -77.030359,
            -10.222513
          ],
          [
            -77.030454,
            -10.222413
          ],
          [
            -77.030587,
            -10.222089
          ],
          [
            -77.030704,
            -10.221904
          ],
          [
            -77.031414,
            -10.221086
          ],
          [
            -77.031612,
            -10.220835
          ],
          [
            -77.031938,
            -10.220631
          ],
          [
            -77.032287,
            -10.220545
          ],
          [
            -77.032278,
            -10.220452
          ],
          [
            -77.032236,
            -10.220372
          ],
          [
            -77.032172,
            -10.220291
          ],
          [
            -77.031993,
            -10.220132
          ],
          [
            -77.031923,
            -10.219941
          ],
          [
            -77.031902,
            -10.21976
          ],
          [
            -77.031963,
            -10.219568
          ],
          [
            -77.032324,
            -10.218644
          ],
          [
            -77.032308,
            -10.21857
          ],
          [
            -77.032103,
            -10.218521
          ],
          [
            -77.031639,
            -10.21834
          ],
          [
            -77.03142,
            -10.218181
          ],
          [
            -77.031162,
            -10.217654
          ],
          [
            -77.031136,
            -10.217369
          ],
          [
            -77.031346,
            -10.216873
          ],
          [
            -77.031461,
            -10.216344
          ],
          [
            -77.031516,
            -10.215796
          ],
          [
            -77.031723,
            -10.215183
          ],
          [
            -77.031893,
            -10.214847
          ],
          [
            -77.031884,
            -10.21462
          ],
          [
            -77.031894,
            -10.214555
          ],
          [
            -77.032017,
            -10.214395
          ],
          [
            -77.032017,
            -10.214372
          ],
          [
            -77.032018,
            -10.214335
          ],
          [
            -77.031979,
            -10.21427
          ],
          [
            -77.031907,
            -10.214199
          ],
          [
            -77.03187,
            -10.214078
          ],
          [
            -77.031925,
            -10.214011
          ],
          [
            -77.031995,
            -10.213998
          ],
          [
            -77.032123,
            -10.214017
          ],
          [
            -77.032148,
            -10.214005
          ],
          [
            -77.032214,
            -10.213784
          ],
          [
            -77.03234,
            -10.213588
          ],
          [
            -77.032333,
            -10.213537
          ],
          [
            -77.032208,
            -10.213479
          ],
          [
            -77.032159,
            -10.213391
          ],
          [
            -77.032193,
            -10.213306
          ],
          [
            -77.03231,
            -10.213246
          ],
          [
            -77.032408,
            -10.21316
          ],
          [
            -77.032557,
            -10.21292
          ],
          [
            -77.032615,
            -10.212942
          ],
          [
            -77.032656,
            -10.212856
          ],
          [
            -77.032731,
            -10.212877
          ],
          [
            -77.032792,
            -10.212871
          ],
          [
            -77.032842,
            -10.212808
          ],
          [
            -77.033036,
            -10.212259
          ],
          [
            -77.033171,
            -10.212037
          ],
          [
            -77.033236,
            -10.211744
          ],
          [
            -77.033324,
            -10.211448
          ],
          [
            -77.033421,
            -10.211244
          ],
          [
            -77.033543,
            -10.211092
          ],
          [
            -77.033808,
            -10.210958
          ],
          [
            -77.033984,
            -10.210925
          ],
          [
            -77.034126,
            -10.210923
          ],
          [
            -77.034184,
            -10.210892
          ],
          [
            -77.034398,
            -10.210591
          ],
          [
            -77.034567,
            -10.210423
          ],
          [
            -77.034811,
            -10.210223
          ],
          [
            -77.034893,
            -10.210204
          ],
          [
            -77.035403,
            -10.21015
          ],
          [
            -77.035611,
            -10.210111
          ],
          [
            -77.035696,
            -10.210048
          ],
          [
            -77.035919,
            -10.209724
          ],
          [
            -77.035991,
            -10.209658
          ],
          [
            -77.036077,
            -10.209539
          ],
          [
            -77.036157,
            -10.209295
          ],
          [
            -77.036138,
            -10.209261
          ],
          [
            -77.036106,
            -10.209252
          ],
          [
            -77.036086,
            -10.209217
          ],
          [
            -77.036302,
            -10.209095
          ],
          [
            -77.036441,
            -10.209096
          ],
          [
            -77.036507,
            -10.209068
          ],
          [
            -77.036531,
            -10.20902
          ],
          [
            -77.036521,
            -10.20849
          ],
          [
            -77.036532,
            -10.208438
          ],
          [
            -77.036677,
            -10.20823
          ],
          [
            -77.036756,
            -10.208081
          ],
          [
            -77.036911,
            -10.207993
          ],
          [
            -77.037145,
            -10.208067
          ],
          [
            -77.03725,
            -10.208144
          ],
          [
            -77.037322,
            -10.208171
          ],
          [
            -77.037356,
            -10.20816
          ],
          [
            -77.037349,
            -10.208133
          ],
          [
            -77.037206,
            -10.207928
          ],
          [
            -77.037152,
            -10.207721
          ],
          [
            -77.037211,
            -10.207507
          ],
          [
            -77.037154,
            -10.206955
          ],
          [
            -77.037255,
            -10.206812
          ],
          [
            -77.037398,
            -10.20678
          ],
          [
            -77.037449,
            -10.206994
          ],
          [
            -77.037568,
            -10.207096
          ],
          [
            -77.037671,
            -10.207119
          ],
          [
            -77.037818,
            -10.20701
          ],
          [
            -77.037814,
            -10.206932
          ],
          [
            -77.037977,
            -10.206921
          ],
          [
            -77.037898,
            -10.206757
          ],
          [
            -77.037919,
            -10.206675
          ],
          [
            -77.037879,
            -10.206534
          ],
          [
            -77.038029,
            -10.206511
          ],
          [
            -77.03815,
            -10.206509
          ],
          [
            -77.038227,
            -10.206569
          ],
          [
            -77.038309,
            -10.206734
          ],
          [
            -77.038398,
            -10.206778
          ],
          [
            -77.038496,
            -10.206796
          ],
          [
            -77.038578,
            -10.206767
          ],
          [
            -77.038631,
            -10.206599
          ],
          [
            -77.038701,
            -10.206555
          ],
          [
            -77.038922,
            -10.206462
          ],
          [
            -77.039066,
            -10.206348
          ],
          [
            -77.039129,
            -10.206195
          ],
          [
            -77.039299,
            -10.20634
          ],
          [
            -77.039443,
            -10.206324
          ],
          [
            -77.039512,
            -10.206239
          ],
          [
            -77.039542,
            -10.206125
          ],
          [
            -77.039701,
            -10.205947
          ],
          [
            -77.039871,
            -10.20588
          ],
          [
            -77.039896,
            -10.205794
          ],
          [
            -77.040005,
            -10.205852
          ],
          [
            -77.040045,
            -10.205948
          ],
          [
            -77.040053,
            -10.206021
          ],
          [
            -77.040078,
            -10.206052
          ],
          [
            -77.040134,
            -10.206043
          ],
          [
            -77.040323,
            -10.206081
          ],
          [
            -77.040302,
            -10.205902
          ],
          [
            -77.040435,
            -10.205979
          ],
          [
            -77.040607,
            -10.205878
          ],
          [
            -77.040812,
            -10.205838
          ],
          [
            -77.041035,
            -10.205836
          ],
          [
            -77.041265,
            -10.205777
          ],
          [
            -77.041481,
            -10.205777
          ],
          [
            -77.041878,
            -10.205732
          ],
          [
            -77.042101,
            -10.205584
          ],
          [
            -77.042282,
            -10.205501
          ],
          [
            -77.042464,
            -10.205393
          ],
          [
            -77.042635,
            -10.205156
          ],
          [
            -77.042926,
            -10.20449
          ],
          [
            -77.043018,
            -10.204099
          ],
          [
            -77.042973,
            -10.204004
          ],
          [
            -77.042859,
            -10.203941
          ],
          [
            -77.042757,
            -10.20383
          ],
          [
            -77.042608,
            -10.20377
          ],
          [
            -77.04253,
            -10.203718
          ],
          [
            -77.042395,
            -10.20377
          ],
          [
            -77.042319,
            -10.203763
          ],
          [
            -77.042202,
            -10.20378
          ],
          [
            -77.04216,
            -10.203698
          ],
          [
            -77.042178,
            -10.203458
          ],
          [
            -77.042051,
            -10.203214
          ],
          [
            -77.041848,
            -10.203098
          ],
          [
            -77.041686,
            -10.203092
          ],
          [
            -77.041531,
            -10.203116
          ],
          [
            -77.041435,
            -10.203106
          ],
          [
            -77.041264,
            -10.203152
          ],
          [
            -77.041099,
            -10.203153
          ],
          [
            -77.040977,
            -10.203129
          ],
          [
            -77.040819,
            -10.203241
          ],
          [
            -77.040813,
            -10.203079
          ],
          [
            -77.040656,
            -10.203007
          ],
          [
            -77.04054,
            -10.202994
          ],
          [
            -77.040233,
            -10.203067
          ],
          [
            -77.039733,
            -10.202983
          ],
          [
            -77.040054,
            -10.202559
          ],
          [
            -77.040008,
            -10.202503
          ],
          [
            -77.039756,
            -10.202579
          ],
          [
            -77.039627,
            -10.202533
          ],
          [
            -77.03945,
            -10.202533
          ],
          [
            -77.039676,
            -10.202216
          ],
          [
            -77.039531,
            -10.201795
          ],
          [
            -77.039481,
            -10.20176
          ],
          [
            -77.039155,
            -10.201857
          ],
          [
            -77.039055,
            -10.201804
          ],
          [
            -77.038849,
            -10.201729
          ],
          [
            -77.038567,
            -10.201233
          ],
          [
            -77.038393,
            -10.200845
          ],
          [
            -77.038316,
            -10.200613
          ],
          [
            -77.037917,
            -10.200483
          ],
          [
            -77.03725,
            -10.20035
          ],
          [
            -77.037072,
            -10.200217
          ],
          [
            -77.036711,
            -10.200081
          ],
          [
            -77.03635,
            -10.199985
          ],
          [
            -77.036214,
            -10.199834
          ],
          [
            -77.03585,
            -10.19955
          ],
          [
            -77.035383,
            -10.199517
          ],
          [
            -77.035196,
            -10.199354
          ],
          [
            -77.035105,
            -10.199275
          ],
          [
            -77.035058,
            -10.199163
          ],
          [
            -77.034972,
            -10.199153
          ],
          [
            -77.034665,
            -10.199373
          ],
          [
            -77.034233,
            -10.199317
          ],
          [
            -77.033869,
            -10.199133
          ],
          [
            -77.033635,
            -10.198996
          ],
          [
            -77.033337,
            -10.198719
          ],
          [
            -77.033143,
            -10.198669
          ],
          [
            -77.03269,
            -10.198642
          ],
          [
            -77.032641,
            -10.198563
          ],
          [
            -77.03253,
            -10.197953
          ],
          [
            -77.032105,
            -10.197987
          ]
        ]
      },
      "properties": {
        "_umap_options": {
          "route": {
            "profile": "foot-hiking",
            "preference": "recommended",
            "elevation": false,
            "coordinates": [
              [
                -76.966052,
                -10.236707
              ],
              [
                -76.965974,
                -10.235978
              ],
              [
                -76.966331,
                -10.236158
              ],
              [
                -76.966803,
                -10.23663
              ],
              [
                -76.973691,
                -10.232428
              ],
              [
                -76.978326,
                -10.233463
              ],
              [
                -76.988068,
                -10.231478
              ],
              [
                -76.990621,
                -10.232639
              ],
              [
                -76.994548,
                -10.232682
              ],
              [
                -77.007272,
                -10.228944
              ],
              [
                -77.012401,
                -10.228332
              ],
              [
                -77.014868,
                -10.229556
              ],
              [
                -77.025619,
                -10.232133
              ],
              [
                -77.02888,
                -10.224214
              ],
              [
                -77.032056,
                -10.214373
              ],
              [
                -77.03609,
                -10.209305
              ],
              [
                -77.042742,
                -10.204448
              ],
              [
                -77.03506,
                -10.199506
              ],
              [
                -77.032109,
                -10.198038
              ]
            ]
          },
          "opacity": 0.8,
          "color": "DarkViolet"
        },
        "name": "Day 8"
      }
    },
    {
      "type": "Feature",
      "geometry": {
        "type": "LineString",
        "coordinates": [
          [
            -76.965941,
            -10.235952
          ],
          [
            -76.965517,
            -10.235688
          ],
          [
            -76.964393,
            -10.23556
          ],
          [
            -76.963869,
            -10.235726
          ],
          [
            -76.96282,
            -10.235788
          ],
          [
            -76.960756,
            -10.23575
          ],
          [
            -76.960005,
            -10.235507
          ],
          [
            -76.959311,
            -10.23541
          ],
          [
            -76.959086,
            -10.23524
          ],
          [
            -76.958902,
            -10.2351
          ],
          [
            -76.958478,
            -10.235317
          ],
          [
            -76.95831,
            -10.235224
          ],
          [
            -76.957565,
            -10.235536
          ],
          [
            -76.956877,
            -10.235255
          ],
          [
            -76.956459,
            -10.235354
          ],
          [
            -76.956045,
            -10.235239
          ],
          [
            -76.955153,
            -10.235264
          ],
          [
            -76.954534,
            -10.234979
          ],
          [
            -76.953117,
            -10.234916
          ],
          [
            -76.952657,
            -10.235079
          ],
          [
            -76.952097,
            -10.234949
          ],
          [
            -76.949984,
            -10.23418
          ],
          [
            -76.949082,
            -10.233913
          ],
          [
            -76.948595,
            -10.233284
          ],
          [
            -76.947344,
            -10.23296
          ],
          [
            -76.945275,
            -10.232332
          ],
          [
            -76.944661,
            -10.232118
          ],
          [
            -76.940363,
            -10.22939
          ],
          [
            -76.938671,
            -10.228447
          ],
          [
            -76.937819,
            -10.227911
          ],
          [
            -76.93718,
            -10.226824
          ],
          [
            -76.937158,
            -10.226116
          ],
          [
            -76.93714,
            -10.225508
          ],
          [
            -76.936617,
            -10.225334
          ],
          [
            -76.936831,
            -10.224539
          ],
          [
            -76.936346,
            -10.224299
          ],
          [
            -76.936964,
            -10.223525
          ],
          [
            -76.937372,
            -10.223788
          ],
          [
            -76.937926,
            -10.223582
          ],
          [
            -76.937797,
            -10.222824
          ],
          [
            -76.937501,
            -10.222583
          ],
          [
            -76.937479,
            -10.22232
          ],
          [
            -76.937888,
            -10.22241
          ],
          [
            -76.938664,
            -10.222121
          ],
          [
            -76.938603,
            -10.22188
          ],
          [
            -76.938738,
            -10.221332
          ],
          [
            -76.939116,
            -10.221384
          ],
          [
            -76.939222,
            -10.220873
          ],
          [
            -76.939283,
            -10.22026
          ],
          [
            -76.939712,
            -10.220048
          ],
          [
            -76.93944,
            -10.219408
          ],
          [
            -76.938631,
            -10.218531
          ],
          [
            -76.938515,
            -10.21807
          ],
          [
            -76.937477,
            -10.217457
          ],
          [
            -76.937558,
            -10.217129
          ],
          [
            -76.937092,
            -10.215058
          ],
          [
            -76.936771,
            -10.212848
          ],
          [
            -76.936643,
            -10.210512
          ],
          [
            -76.936447,
            -10.210157
          ],
          [
            -76.935955,
            -10.209911
          ],
          [
            -76.934891,
            -10.209862
          ],
          [
            -76.934412,
            -10.20962
          ],
          [
            -76.934269,
            -10.208744
          ],
          [
            -76.934718,
            -10.207229
          ],
          [
            -76.934525,
            -10.205777
          ],
          [
            -76.93382,
            -10.205146
          ],
          [
            -76.934525,
            -10.204009
          ],
          [
            -76.934422,
            -10.203634
          ],
          [
            -76.934333,
            -10.203314
          ],
          [
            -76.93344,
            -10.202979
          ],
          [
            -76.932513,
            -10.20163
          ],
          [
            -76.932365,
            -10.200516
          ],
          [
            -76.932828,
            -10.19986
          ],
          [
            -76.932125,
            -10.198496
          ],
          [
            -76.9324,
            -10.197541
          ],
          [
            -76.931756,
            -10.197025
          ],
          [
            -76.93077,
            -10.195094
          ],
          [
            -76.930736,
            -10.194204
          ],
          [
            -76.930419,
            -10.19378
          ],
          [
            -76.929842,
            -10.192139
          ],
          [
            -76.929661,
            -10.190533
          ],
          [
            -76.929586,
            -10.189865
          ],
          [
            -76.930035,
            -10.186961
          ],
          [
            -76.930933,
            -10.185256
          ],
          [
            -76.93063,
            -10.184746
          ],
          [
            -76.930346,
            -10.183875
          ],
          [
            -76.930163,
            -10.183548
          ],
          [
            -76.93012,
            -10.182724
          ],
          [
            -76.930024,
            -10.181985
          ],
          [
            -76.930008,
            -10.181124
          ],
          [
            -76.930346,
            -10.180713
          ],
          [
            -76.930431,
            -10.180158
          ],
          [
            -76.930641,
            -10.179651
          ],
          [
            -76.930838,
            -10.179445
          ],
          [
            -76.93115,
            -10.179118
          ],
          [
            -76.931197,
            -10.179111
          ]
        ]
      },
      "properties": {
        "_umap_options": {
          "route": {
            "profile": "foot-hiking",
            "preference": "recommended",
            "elevation": false,
            "coordinates": [
              [
                -76.965966,
                -10.235912
              ],
              [
                -76.959089,
                -10.235237
              ],
              [
                -76.937234,
                -10.226114
              ],
              [
                -76.934381,
                -10.203645
              ],
              [
                -76.929488,
                -10.190552
              ],
              [
                -76.930819,
                -10.179427
              ],
              [
                -76.931199,
                -10.179126
              ]
            ]
          },
          "color": "OliveDrab",
          "dashArray": "5,10,5,10",
          "opacity": 0.5
        },
        "name": "Day 8 Alternative"
      }
    },
    {
      "type": "Feature",
      "geometry": {
        "type": "LineString",
        "coordinates": [
          [
            -76.923684,
            -10.155364,
            4152
          ]
        ]
      },
      "properties": {
        "_umap_options": {
          "route": {
            "profile": "foot-walking",
            "preference": "recommended",
            "elevation": true,
            "coordinates": [
              [
                -76.92363,
                -10.154837
              ],
              [
                -76.9223,
                -10.153485
              ],
              [
                -76.920927,
                -10.151225
              ],
              [
                -76.918952,
                -10.149684
              ],
              [
                -76.917472,
                -10.150169
              ],
              [
                -76.915176,
                -10.151394
              ],
              [
                -76.912236,
                -10.156506
              ],
              [
                -76.907902,
                -10.159125
              ],
              [
                -76.897945,
                -10.163138
              ],
              [
                -76.894684,
                -10.164194
              ]
            ]
          }
        },
        "name": "dd"
      }
    },
    {
      "type": "Feature",
      "geometry": {
        "type": "Point",
        "coordinates": [
          -76.925583,
          -10.311035
        ]
      },
      "properties": {
        "_umap_options": {
          "iconUrl": "/uploads/pictogram/photo.svg"
        },
        "name": "gran vista"
      }
    },
    {
      "type": "Feature",
      "geometry": {
        "type": "Point",
        "coordinates": [
          -76.870544,
          -10.248635
        ]
      },
      "properties": {
        "_umap_options": {
          "iconUrl": "/uploads/pictogram/photo.svg"
        },
        "name": "Mountain range View"
      }
    },
    {
      "type": "Feature",
      "geometry": {
        "type": "Point",
        "coordinates": [
          -76.898745,
          -10.356442
        ]
      },
      "properties": {
        "_umap_options": {
          "iconUrl": "/uploads/pictogram/photo.svg"
        },
        "name": "Paso San Antonio"
      }
    },
    {
      "type": "Feature",
      "geometry": {
        "type": "Point",
        "coordinates": [
          -76.875372,
          -10.34441
        ]
      },
      "properties": {
        "_umap_options": {
          "iconUrl": "/uploads/pictogram/photo.svg"
        },
        "name": "Trapecio Pass View"
      }
    },
    {
      "type": "Feature",
      "geometry": {
        "type": "Point",
        "coordinates": [
          -76.915112,
          -10.314708
        ]
      },
      "properties": {
        "_umap_options": {
          "iconUrl": "/uploads/pictogram/photo.svg"
        },
        "name": "View point"
      }
    },
    {
      "type": "Feature",
      "geometry": {
        "type": "Point",
        "coordinates": [
          -76.970494,
          -10.263024
        ]
      },
      "properties": {
        "_umap_options": {
          "iconUrl": "/uploads/pictogram/photo.svg"
        },
        "name": "Viewpoint"
      }
    }
  ]
}